-- MySQL dump 10.13  Distrib 8.0.44, for Linux (x86_64)
--
-- Host: 127.0.0.1    Database: pcshop
-- ------------------------------------------------------
-- Server version	8.0.44-0ubuntu0.22.04.1

/*!40101 SET @OLD_CHARACTER_SET_CLIENT=@@CHARACTER_SET_CLIENT */;
/*!40101 SET @OLD_CHARACTER_SET_RESULTS=@@CHARACTER_SET_RESULTS */;
/*!40101 SET @OLD_COLLATION_CONNECTION=@@COLLATION_CONNECTION */;
/*!50503 SET NAMES utf8 */;
/*!40103 SET @OLD_TIME_ZONE=@@TIME_ZONE */;
/*!40103 SET TIME_ZONE='+00:00' */;
/*!40014 SET @OLD_UNIQUE_CHECKS=@@UNIQUE_CHECKS, UNIQUE_CHECKS=0 */;
/*!40014 SET @OLD_FOREIGN_KEY_CHECKS=@@FOREIGN_KEY_CHECKS, FOREIGN_KEY_CHECKS=0 */;
/*!40101 SET @OLD_SQL_MODE=@@SQL_MODE, SQL_MODE='NO_AUTO_VALUE_ON_ZERO' */;
/*!40111 SET @OLD_SQL_NOTES=@@SQL_NOTES, SQL_NOTES=0 */;

--
-- Table structure for table `brands`
--

DROP TABLE IF EXISTS `brands`;
/*!40101 SET @saved_cs_client     = @@character_set_client */;
/*!50503 SET character_set_client = utf8mb4 */;
CREATE TABLE `brands` (
  `id` int NOT NULL AUTO_INCREMENT,
  `name` varchar(100) COLLATE utf8mb4_general_ci NOT NULL COMMENT 'Brand name (AMD, Intel, NVIDIA, etc.)',
  `description` text COLLATE utf8mb4_general_ci,
  `logo_url` varchar(300) COLLATE utf8mb4_general_ci DEFAULT '',
  `created_at` datetime DEFAULT CURRENT_TIMESTAMP,
  PRIMARY KEY (`id`),
  UNIQUE KEY `name` (`name`)
) ENGINE=InnoDB AUTO_INCREMENT=32 DEFAULT CHARSET=utf8mb4 COLLATE=utf8mb4_general_ci;
/*!40101 SET character_set_client = @saved_cs_client */;

--
-- Dumping data for table `brands`
--

LOCK TABLES `brands` WRITE;
/*!40000 ALTER TABLE `brands` DISABLE KEYS */;
INSERT INTO `brands` VALUES (3,'MSI','MSI là thương hiệu công nghệ Đài Loan chuyên về laptop, bo mạch chủ và card đồ họa hiệu năng cao, được ưa chuộng bởi game thủ và người sáng tạo nội dung.','cdb52465-3012-4fca-a57a-8148e81e56a4_MSI.png','2025-10-07 10:44:30'),(4,'AMD','AMD là hãng công nghệ Mỹ nổi tiếng với bộ vi xử lý và card đồ họa hiệu năng cao, mang đến giải pháp mạnh mẽ cho game thủ và người dùng chuyên nghiệp.','07701c2d-d43d-419b-a9fc-2a2902a61323_AMD.png','2025-10-07 10:46:37'),(5,'Nvidia','NVIDIA là tập đoàn công nghệ Mỹ dẫn đầu trong lĩnh vực đồ họa và trí tuệ nhân tạo, nổi tiếng với dòng GPU GeForce dành cho game thủ và nhà sáng tạo nội dung.','e1bd084d-2163-4c7d-9185-33b206b56d3e_NVIDIA.png','2025-10-07 10:47:44'),(6,'Asus','Thương hiệu công nghệ Đài Loan nổi tiếng với laptop, bo mạch chủ và linh kiện PC cao cấp dành cho game thủ và người sáng tạo nội dung.','4981ffa0-765a-48df-8a7d-bf55115534aa_Asus.png','2025-10-07 10:50:17'),(7,'Gigabyte','Thương hiệu công nghệ Đài Loan nổi tiếng với laptop, bo mạch chủ và linh kiện PC cao cấp dành cho game thủ và người sáng tạo nội dung.','eb3d5d3b-d206-4d7f-b159-21d49c876a72_Gigabyte.png','2025-10-07 10:51:09'),(8,'ASRock','Hãng sản xuất bo mạch chủ uy tín, nổi bật với thiết kế bền bỉ và hiệu năng ổn định.','55f77271-7a6f-4536-9f2a-9d7bf57eaca4_ASRock.png','2025-10-07 11:16:54'),(9,'Logitech','Thương hiệu Thụy Sĩ chuyên sản xuất chuột, bàn phím, tai nghe và webcam chất lượng cao cho mọi nhu cầu.','3ab24609-bbbf-4d41-ba87-8e2583f93626_Logitech.png','2025-10-07 11:17:47'),(10,'NZXT','Thương hiệu chuyên về case, tản nhiệt và phụ kiện PC thẩm mỹ cao, tối ưu trải nghiệm người dùng.','3e92350b-f379-4afa-bb2e-dc6b3ca261eb_NZXT.png','2025-10-07 11:18:34'),(11,'Thermaltake','Cung cấp giải pháp tản nhiệt, vỏ case và nguồn máy tính hiện đại cho game thủ và PC builder.','639fdf2e-123c-43a1-a6e4-5d0d0fe6d288_Thermaltake.png','2025-10-07 11:21:00'),(12,'Intel','Tập đoàn công nghệ hàng đầu thế giới chuyên sản xuất CPU, chipset và các linh kiện bán dẫn.','lkfdja5-34jioj54i34-5433fgsit-Intel.png','2025-10-09 01:51:48'),(13,'Corsair','Nhà sản xuất thiết bị ngoại vi, RAM, nguồn máy tính và gaming gear nổi tiếng.','f879asdf89a78-88ad908f98a9d-dfkoa890dsa-Corsair.png','2025-10-09 01:51:48'),(14,'Cooler Master','Thương hiệu nổi tiếng về tản nhiệt, vỏ case và nguồn máy tính chất lượng cao.','jfajfja89fa-ffadifu89a-4809ad6fa66-9dfas8f7-19sfa9-03e-CoolerMaster.png','2025-10-09 01:51:48'),(15,'Seagate','Công ty lưu trữ dữ liệu hàng đầu thế giới, nổi tiếng với ổ cứng HDD và SSD.','dafas908fa-43fddas631fa0-jfaidfio323-42jkl2ui3um2n0e.png','2025-10-09 01:51:48'),(16,'Western Digital','Thương hiệu Mỹ chuyên sản xuất ổ cứng HDD và SSD hiệu năng cao.','ddakfkl36j5-65k3ljoi3-klj653i-399erap-WesternDigital.png','2025-10-09 01:51:48'),(17,'Kingston','Thương hiệu nổi tiếng toàn cầu về RAM, SSD và USB.','s2pku-g4kyad-290dl5ld-8e48rm-Kingston.png','2025-10-09 01:51:48'),(18,'G.Skill','Nhà sản xuất RAM hiệu năng cao, nổi tiếng trong cộng đồng game thủ và overclock.','8zfr6yc0-zsv1i-8k1sr-jb0wrnc-GSkill.png','2025-10-09 01:51:48'),(19,'ADATA','Công ty chuyên sản xuất RAM, SSD và phụ kiện lưu trữ có độ bền cao.','3h4y-a4lfl6x0-zzg9wrs2-cxbr0-ADATA.png\r\n','2025-10-09 01:51:48'),(21,'Razer','Công ty chuyên sản xuất gaming gear, laptop và phụ kiện cao cấp cho game thủ.','3h4y-a4lfl6x0-zzg9wrs2-cxbr0-Razer.png','2025-10-09 01:51:48'),(22,'SteelSeries','Hãng sản xuất thiết bị ngoại vi và phụ kiện chơi game nổi tiếng đến từ Đan Mạch.','qodbp-5lved47rmh2-rvtkwc4jf-pb3oj-SteelSeries.png\r\n','2025-10-09 01:51:48'),(23,'HyperX','Thương hiệu gaming gear và linh kiện hiệu năng cao thuộc Kingston.','pqfjoty7mco-jqbowa-xarkfm-d2pznjr-HyperX.png','2025-10-09 01:51:48'),(24,'ASUS ROG','Dòng sản phẩm gaming cao cấp của ASUS, nổi bật với thiết kế đặc trưng và hiệu năng mạnh mẽ.','lw6txdyc3-405v4al2-2gbzk-hmx2r9xo-ASUSROG.png','2025-10-09 01:51:48'),(25,'PC build sẵn từ PCShop','PC build sẵn, đảm bảo hiệu năng vận hành giữa các linh kiện.','','2025-10-16 14:24:58');
/*!40000 ALTER TABLE `brands` ENABLE KEYS */;
UNLOCK TABLES;

--
-- Table structure for table `cart_items`
--

DROP TABLE IF EXISTS `cart_items`;
/*!40101 SET @saved_cs_client     = @@character_set_client */;
/*!50503 SET character_set_client = utf8mb4 */;
CREATE TABLE `cart_items` (
  `id` bigint NOT NULL AUTO_INCREMENT,
  `user_id` int DEFAULT NULL,
  `product_id` int NOT NULL,
  `quantity` int NOT NULL DEFAULT '1',
  `created_at` datetime DEFAULT CURRENT_TIMESTAMP,
  `updated_at` datetime DEFAULT CURRENT_TIMESTAMP ON UPDATE CURRENT_TIMESTAMP,
  PRIMARY KEY (`id`),
  UNIQUE KEY `unique_user_product` (`user_id`,`product_id`),
  UNIQUE KEY `UK1vhvont0fdtramle6nmghntj7` (`user_id`,`product_id`),
  KEY `product_id` (`product_id`),
  CONSTRAINT `cart_items_ibfk_1` FOREIGN KEY (`user_id`) REFERENCES `users` (`id`),
  CONSTRAINT `cart_items_ibfk_3` FOREIGN KEY (`product_id`) REFERENCES `products` (`id`) ON DELETE CASCADE,
  CONSTRAINT `cart_items_chk_1` CHECK ((`quantity` > 0))
) ENGINE=InnoDB AUTO_INCREMENT=47 DEFAULT CHARSET=utf8mb4 COLLATE=utf8mb4_general_ci;
/*!40101 SET character_set_client = @saved_cs_client */;

--
-- Dumping data for table `cart_items`
--

LOCK TABLES `cart_items` WRITE;
/*!40000 ALTER TABLE `cart_items` DISABLE KEYS */;
INSERT INTO `cart_items` VALUES (38,11,260,1,'2025-11-07 07:54:26','2025-11-07 07:54:26'),(41,7,102,1,'2025-11-11 02:55:33','2025-11-11 02:55:33'),(42,7,37,1,'2025-11-11 02:55:39','2025-11-11 02:55:39');
/*!40000 ALTER TABLE `cart_items` ENABLE KEYS */;
UNLOCK TABLES;

--
-- Table structure for table `categories`
--

DROP TABLE IF EXISTS `categories`;
/*!40101 SET @saved_cs_client     = @@character_set_client */;
/*!50503 SET character_set_client = utf8mb4 */;
CREATE TABLE `categories` (
  `id` int NOT NULL AUTO_INCREMENT,
  `name` varchar(100) COLLATE utf8mb4_general_ci NOT NULL DEFAULT '' COMMENT 'Category name (CPU, GPU, RAM, etc.)',
  `description` text COLLATE utf8mb4_general_ci,
  PRIMARY KEY (`id`),
  UNIQUE KEY `name` (`name`)
) ENGINE=InnoDB AUTO_INCREMENT=23 DEFAULT CHARSET=utf8mb4 COLLATE=utf8mb4_general_ci;
/*!40101 SET character_set_client = @saved_cs_client */;

--
-- Dumping data for table `categories`
--

LOCK TABLES `categories` WRITE;
/*!40000 ALTER TABLE `categories` DISABLE KEYS */;
INSERT INTO `categories` VALUES (1,'PC chơi game, làm đồ họa','PC cấu hình mạnh, phù hợp tác vụ nặng'),(2,'PC văn phòng','PC cấu hình ổn định, phù hợp cho tác vụ thông thường'),(3,'Máy ảo','Máy tính chuyên dụng để chạy máy ảo hoặc server mini'),(4,'CPU','Bộ xử lý trung tâm quyết định hiệu năng máy tính'),(5,'Mainboard','Bo mạch chủ kết nối và điều khiển các linh kiện'),(6,'RAM','Bộ nhớ tạm thời giúp tăng tốc xử lý'),(7,'GPU','Card đồ họa cho chơi game, thiết kế và AI'),(8,'Ổ cứng','Thiết bị lưu trữ tốc độ cao, khởi động nhanh'),(10,'PSU','Bộ nguồn cung cấp điện cho toàn bộ hệ thống'),(11,'Case','Vỏ máy tính chứa và bảo vệ các linh kiện bên trong'),(12,'Tản nhiệt CPU','Giúp làm mát CPU, tăng tuổi thọ linh kiện'),(13,'Màn hình','Thiết bị hiển thị hình ảnh'),(14,'Bàn phím','Thiết bị nhập liệu phổ biến cho máy tính'),(15,'Chuột','Thiết bị điều khiển con trỏ trên màn hình'),(16,'Tai nghe','Phụ kiện âm thanh cho chơi game, làm việc'),(17,'Loa','Thiết bị phát âm thanh ngoài');
/*!40000 ALTER TABLE `categories` ENABLE KEYS */;
UNLOCK TABLES;

--
-- Table structure for table `comments`
--

DROP TABLE IF EXISTS `comments`;
/*!40101 SET @saved_cs_client     = @@character_set_client */;
/*!50503 SET character_set_client = utf8mb4 */;
CREATE TABLE `comments` (
  `id` bigint NOT NULL AUTO_INCREMENT,
  `product_id` int NOT NULL,
  `user_id` int DEFAULT NULL,
  `root_comment_id` bigint DEFAULT NULL,
  `content` tinytext COLLATE utf8mb4_unicode_ci NOT NULL,
  `is_edited` tinyint(1) DEFAULT '0',
  `is_active` tinyint(1) DEFAULT '1',
  `created_at` timestamp NOT NULL DEFAULT CURRENT_TIMESTAMP,
  `updated_at` timestamp NOT NULL DEFAULT CURRENT_TIMESTAMP ON UPDATE CURRENT_TIMESTAMP,
  PRIMARY KEY (`id`),
  KEY `idx_comments_product` (`product_id`),
  KEY `idx_comments_user` (`user_id`),
  KEY `idx_comments_root` (`root_comment_id`),
  KEY `idx_comments_product_created` (`product_id`,`created_at`),
  CONSTRAINT `fk_comments_product` FOREIGN KEY (`product_id`) REFERENCES `products` (`id`) ON DELETE CASCADE,
  CONSTRAINT `fk_comments_root` FOREIGN KEY (`root_comment_id`) REFERENCES `comments` (`id`) ON DELETE CASCADE,
  CONSTRAINT `fk_comments_user` FOREIGN KEY (`user_id`) REFERENCES `users` (`id`) ON DELETE SET NULL
) ENGINE=InnoDB AUTO_INCREMENT=29 DEFAULT CHARSET=utf8mb4 COLLATE=utf8mb4_unicode_ci;
/*!40101 SET character_set_client = @saved_cs_client */;

--
-- Dumping data for table `comments`
--

LOCK TABLES `comments` WRITE;
/*!40000 ALTER TABLE `comments` DISABLE KEYS */;
INSERT INTO `comments` VALUES (1,34,7,NULL,'test bình luận',0,0,'2025-10-26 03:53:50','2025-10-27 20:35:33'),(2,43,7,NULL,'4070',0,1,'2025-10-26 03:59:18','2025-10-26 03:59:18'),(3,36,3,NULL,'test comment 123',0,1,'2025-10-27 20:16:51','2025-10-27 20:16:51'),(4,36,7,NULL,'test comment 456 77 àdsafa',1,1,'2025-10-27 20:17:31','2025-10-28 02:26:29'),(5,36,7,NULL,'ádddadad',0,0,'2025-10-27 20:17:44','2025-10-27 20:35:50'),(7,36,7,3,'test reply 1234\nđang sửa bình luận này thành',1,1,'2025-10-27 20:39:42','2025-11-01 01:35:11'),(8,35,3,NULL,'abc',0,1,'2025-10-27 20:49:47','2025-10-27 20:49:47'),(9,36,3,4,'abc',0,1,'2025-10-27 20:50:05','2025-10-27 20:50:05'),(10,34,7,NULL,'abc',0,1,'2025-10-28 02:10:19','2025-10-28 02:10:19'),(11,38,7,NULL,'g\n9\n0',1,1,'2025-10-29 00:30:03','2025-10-29 00:30:13'),(12,35,9,8,'test reply 123',1,0,'2025-11-01 01:10:53','2025-11-01 01:11:14'),(13,261,3,NULL,'test comment',0,1,'2025-11-08 08:36:47','2025-11-08 08:36:47'),(14,261,12,NULL,'Đểu',0,1,'2025-11-08 09:07:13','2025-11-08 09:07:13'),(15,261,10,14,'Đểu thật',0,1,'2025-11-08 09:07:50','2025-11-08 09:07:50'),(16,261,13,NULL,'CHỨC NĂNG BÌNH LUẬN',0,1,'2025-11-09 03:48:33','2025-11-09 03:48:33'),(17,261,10,15,'Đểu thật 1',0,1,'2025-11-08 09:07:50','2025-11-08 09:07:50'),(18,261,3,14,'???',0,1,'2025-11-10 20:29:34','2025-11-10 20:29:34'),(19,261,7,NULL,'Test bình luận abc...',0,1,'2025-11-29 02:37:27','2025-11-29 02:37:27'),(20,261,7,14,'Đểu thậtthật',0,1,'2025-11-29 02:37:39','2025-11-29 02:37:39'),(21,261,7,20,'AbcAbc',0,1,'2025-11-29 02:37:46','2025-11-29 02:37:46'),(22,80,7,NULL,'abcabc',0,1,'2025-12-01 21:29:41','2025-12-01 21:29:41'),(23,261,3,14,'mnnjnkmnnjnk',0,1,'2025-12-02 09:41:08','2025-12-02 09:41:08'),(24,261,3,23,'plplplplpplplplplp',0,1,'2025-12-02 09:41:13','2025-12-02 09:41:13'),(25,261,3,19,'nmnnnmnn',0,1,'2025-12-02 09:54:42','2025-12-02 09:54:42'),(26,261,3,25,'jhjkjhjk',0,1,'2025-12-02 09:54:47','2025-12-02 09:54:47'),(27,261,3,19,'asdad',0,1,'2025-12-02 09:57:07','2025-12-02 09:57:07'),(28,261,3,19,'fdsfafdsfa',0,1,'2025-12-02 10:06:41','2025-12-02 10:06:41');
/*!40000 ALTER TABLE `comments` ENABLE KEYS */;
UNLOCK TABLES;

--
-- Table structure for table `order_details`
--

DROP TABLE IF EXISTS `order_details`;
/*!40101 SET @saved_cs_client     = @@character_set_client */;
/*!50503 SET character_set_client = utf8mb4 */;
CREATE TABLE `order_details` (
  `id` bigint NOT NULL AUTO_INCREMENT,
  `order_id` int NOT NULL,
  `product_id` int NOT NULL,
  `price` float NOT NULL,
  `quantity` int NOT NULL,
  `total_price` float NOT NULL,
  `product_name` varchar(350) COLLATE utf8mb4_general_ci DEFAULT '' COMMENT 'Product name at time of purchase',
  PRIMARY KEY (`id`),
  KEY `order_id` (`order_id`),
  KEY `product_id` (`product_id`),
  CONSTRAINT `order_details_ibfk_1` FOREIGN KEY (`order_id`) REFERENCES `orders` (`id`),
  CONSTRAINT `order_details_ibfk_3` FOREIGN KEY (`product_id`) REFERENCES `products` (`id`) ON DELETE CASCADE,
  CONSTRAINT `order_details_chk_1` CHECK ((`price` >= 0)),
  CONSTRAINT `order_details_chk_2` CHECK ((`quantity` > 0)),
  CONSTRAINT `order_details_chk_3` CHECK ((`total_price` >= 0))
) ENGINE=InnoDB AUTO_INCREMENT=28 DEFAULT CHARSET=utf8mb4 COLLATE=utf8mb4_general_ci;
/*!40101 SET character_set_client = @saved_cs_client */;

--
-- Dumping data for table `order_details`
--

LOCK TABLES `order_details` WRITE;
/*!40000 ALTER TABLE `order_details` DISABLE KEYS */;
INSERT INTO `order_details` VALUES (13,11,40,8290000,2,16580000,'MSI Z790 TOMAHAWK WIFI'),(14,11,51,7490000,1,7490000,'ASUS TUF VG27AQ 27\" 2K 165Hz'),(15,12,34,34990000,1,34990000,'PC Gaming MSI Dragon X'),(16,12,37,10990000,1,10990000,'Intel Core i7-14700K'),(17,13,43,21990000,1,21990000,'NVIDIA RTX 4070 Ti SUPER'),(18,14,43,21990000,1,21990000,'NVIDIA RTX 4070 Ti SUPER'),(19,15,40,8290000,1,8290000,'MSI Z790 TOMAHAWK WIFI'),(20,16,42,4290000,1,4290000,'G.Skill Trident Z5 RGB 32GB (2x16GB) 6400MHz'),(21,16,43,21990000,2,43980000,'NVIDIA RTX 4070 Ti SUPER'),(22,18,40,8290000,1,8290000,'MSI Z790 TOMAHAWK WIFI'),(23,19,35,12990000,1,12990000,'PC Văn phòng FastWork i5'),(24,20,104,36832300,1,36832300,'Thermaltake Versa H26'),(25,23,257,8490000,3,25470000,'Intel Core i7-12700 (12 nhân, 20 luồng)'),(26,24,216,55990000,1,55990000,'PC Máy ảo RackMount Dual Xeon 24C'),(27,25,224,12990000,2,25980000,'PC Gaming Entry-Level Ryzen 5 4500 + GTX 1650');
/*!40000 ALTER TABLE `order_details` ENABLE KEYS */;
UNLOCK TABLES;

--
-- Table structure for table `orders`
--

DROP TABLE IF EXISTS `orders`;
/*!40101 SET @saved_cs_client     = @@character_set_client */;
/*!50503 SET character_set_client = utf8mb4 */;
CREATE TABLE `orders` (
  `id` int NOT NULL AUTO_INCREMENT,
  `user_id` int DEFAULT NULL,
  `fullname` varchar(255) COLLATE utf8mb4_general_ci DEFAULT NULL,
  `email` varchar(255) COLLATE utf8mb4_general_ci DEFAULT NULL,
  `phone_number` varchar(15) COLLATE utf8mb4_general_ci NOT NULL,
  `address` varchar(255) COLLATE utf8mb4_general_ci DEFAULT NULL,
  `note` varchar(255) COLLATE utf8mb4_general_ci DEFAULT NULL,
  `order_date` datetime DEFAULT CURRENT_TIMESTAMP,
  `status` enum('pending','processing','shipped','delivered','cancelled') COLLATE utf8mb4_general_ci DEFAULT 'pending' COMMENT 'Order status',
  `total_price` float NOT NULL,
  `payment_method` varchar(255) COLLATE utf8mb4_general_ci DEFAULT NULL,
  `payment_status` enum('pending','paid','failed','refunded') COLLATE utf8mb4_general_ci DEFAULT 'pending',
  `shipping_method` varchar(255) COLLATE utf8mb4_general_ci DEFAULT NULL,
  `shipping_address` varchar(255) COLLATE utf8mb4_general_ci DEFAULT NULL,
  `active` tinyint(1) DEFAULT '1',
  PRIMARY KEY (`id`),
  KEY `user_id` (`user_id`),
  CONSTRAINT `orders_ibfk_1` FOREIGN KEY (`user_id`) REFERENCES `users` (`id`),
  CONSTRAINT `orders_chk_1` CHECK ((`total_price` >= 0))
) ENGINE=InnoDB AUTO_INCREMENT=26 DEFAULT CHARSET=utf8mb4 COLLATE=utf8mb4_general_ci;
/*!40101 SET character_set_client = @saved_cs_client */;

--
-- Dumping data for table `orders`
--

LOCK TABLES `orders` WRITE;
/*!40000 ALTER TABLE `orders` DISABLE KEYS */;
INSERT INTO `orders` VALUES (11,7,'Viết Vit Đức','khongnoi@abc.xyz','0987654321','','aaa','2025-10-20 16:22:08','delivered',24070000,'COD','paid','STANDARD','ạdkf dfa, fadf , fadf ,adf a',1),(12,7,'klfds','vvd1811@gmail.com','fds','','abc','2025-10-21 06:53:55','cancelled',45980000,'COD','refunded','STANDARD','Tổ 6, phường Gia Sàng',1),(13,7,'user 1','user','0987654321','','abc','2025-10-29 07:23:34','cancelled',21990000,'BANK_TRANSFER','pending','EXPRESS','abc abdb sadfa',1),(14,7,'Đức Viết Võ','vvd1811@gmail.com','0913095665','','abc','2025-11-01 15:41:07','cancelled',21990000,'COD','refunded','STANDARD','Phòng 201 A3',1),(15,7,'Đức Viết Võ','vvd1811@gmail.com','0913095665','','','2025-11-02 09:14:39','delivered',8290000,'COD','pending','STANDARD','Tổ 6, phường Gia Sàng',1),(16,3,'Võ Viết Đức','vvd1811@gmail.com','0912345678','PTIT','ghi chú gì đó?????','2025-11-03 09:55:31','delivered',48270000,'BANK_TRANSFER','paid','EXPRESS','PTIT',1),(18,3,'Đức Viết Võ','vvd1811@gmail.com','0913095665','Tổ 6, phường Gia Sàng','','2025-11-04 09:02:31','cancelled',8290000,'MOMO','pending','STANDARD','Tổ 6, phường Gia Sàng',1),(19,11,'user 4','user4email@vvd.com','4444444444','user 4 location','nhanh','2025-11-07 07:48:50','delivered',12990000,'MOMO','paid','EXPRESS','user 4 location',1),(20,12,'Hoàng','hoang@gmail.com','0987654322','ptit','nhanh','2025-11-08 16:09:11','processing',36832300,'COD','pending','STANDARD','ptit',1),(21,12,'Nguyễn văn cử','vvd1811@gmail.com','0912345678','Hà Đông','giao kịp trong 3 ngày thì xác nhận đơn','2025-11-03 09:55:31','delivered',48270000,'BANK_TRANSFER','paid','EXPRESS','Hà Đông',1),(22,7,'user 1','user','0987654321','','abc','2025-10-29 07:23:34','cancelled',21990000,'BANK_TRANSFER','refunded','EXPRESS','abc abdb sadfa',1),(23,3,'Đức Viết Võ','vvd1811@gmail.com','0913095665','Tổ 6, phường Gia Sàng','','2025-11-08 18:43:46','cancelled',25470000,'COD','pending','STANDARD','Tổ 6, phường Gia Sàng',1),(24,3,'hong','vudinh@gmail.com','00000111','haha','.','2025-11-11 03:19:40','pending',55990000,'COD','pending','STANDARD','haha',1),(25,3,'m','ducvo2k5@gmail.com','1234567890','fghjkl;','jjjjjj','2025-12-02 16:46:20','pending',25980000,'COD','pending','STANDARD','fghjkl;',1);
/*!40000 ALTER TABLE `orders` ENABLE KEYS */;
UNLOCK TABLES;

--
-- Table structure for table `product_images`
--

DROP TABLE IF EXISTS `product_images`;
/*!40101 SET @saved_cs_client     = @@character_set_client */;
/*!50503 SET character_set_client = utf8mb4 */;
CREATE TABLE `product_images` (
  `id` bigint NOT NULL AUTO_INCREMENT,
  `product_id` int NOT NULL,
  `image_url` varchar(300) COLLATE utf8mb4_general_ci NOT NULL,
  PRIMARY KEY (`id`),
  KEY `product_id` (`product_id`),
  CONSTRAINT `product_images_ibfk_2` FOREIGN KEY (`product_id`) REFERENCES `products` (`id`) ON DELETE CASCADE
) ENGINE=InnoDB AUTO_INCREMENT=195 DEFAULT CHARSET=utf8mb4 COLLATE=utf8mb4_general_ci;
/*!40101 SET character_set_client = @saved_cs_client */;


--
-- Table structure for table `products`
--

DROP TABLE IF EXISTS `products`;
/*!40101 SET @saved_cs_client     = @@character_set_client */;
/*!50503 SET character_set_client = utf8mb4 */;
CREATE TABLE `products` (
  `id` int NOT NULL AUTO_INCREMENT,
  `name` varchar(350) COLLATE utf8mb4_general_ci NOT NULL COMMENT 'Product name',
  `price` float NOT NULL,
  `discount` float DEFAULT '0',
  `stock_quantity` int DEFAULT '0',
  `thumbnail` varchar(255) COLLATE utf8mb4_general_ci DEFAULT NULL,
  `description` varchar(255) COLLATE utf8mb4_general_ci DEFAULT NULL,
  `warranty_months` int DEFAULT '12',
  `is_active` bit(1) DEFAULT NULL,
  `is_featured` bit(1) DEFAULT NULL,
  `created_at` datetime DEFAULT CURRENT_TIMESTAMP,
  `updated_at` datetime DEFAULT CURRENT_TIMESTAMP ON UPDATE CURRENT_TIMESTAMP,
  `category_id` int NOT NULL,
  `brand_id` int DEFAULT NULL,
  PRIMARY KEY (`id`),
  KEY `fk_products_category` (`category_id`),
  KEY `fk_products_brand` (`brand_id`),
  CONSTRAINT `fk_products_brand` FOREIGN KEY (`brand_id`) REFERENCES `brands` (`id`) ON DELETE SET NULL,
  CONSTRAINT `fk_products_category` FOREIGN KEY (`category_id`) REFERENCES `categories` (`id`) ON DELETE CASCADE,
  CONSTRAINT `products_chk_1` CHECK ((`price` >= 0)),
  CONSTRAINT `products_chk_2` CHECK (((`discount` >= 0) and (`discount` <= 100))),
  CONSTRAINT `products_chk_3` CHECK ((`stock_quantity` >= 0))
) ENGINE=InnoDB AUTO_INCREMENT=266 DEFAULT CHARSET=utf8mb4 COLLATE=utf8mb4_general_ci;
/*!40101 SET character_set_client = @saved_cs_client */;

--
-- Dumping data for table `products`
--

LOCK TABLES `products` WRITE;
/*!40000 ALTER TABLE `products` DISABLE KEYS */;
INSERT INTO `products` VALUES (34,'PC Gaming MSI Dragon X',34990000,12,10,'7ccf4716-20cb-481f-8365-237b9a07cad1_pc1.png','PC build sẵn hiệu năng cao, trang bị RTX 4070 và i7-13700K, RAM 32GB, SSD 1TB NVMe.',24,_binary '',_binary '','2025-10-16 14:27:08','2025-10-21 06:51:43',1,25),(35,'PC Văn phòng FastWork i5',12990000,0,15,'455269e4-b461-45b8-9ab3-17c14a983e46_testpic1.jpg','PC văn phòng tiết kiệm điện, CPU i5-12400, RAM 16GB, SSD 512GB.',24,_binary '',_binary '','2025-10-16 14:27:08','2025-11-02 08:51:34',2,25),(36,'Máy ảo DevServer Pro',19990000,20,5,'5dbe5f5f-b8d5-4a75-af6d-cb599031109d_3.jpg','Máy ảo chuyên dụng cho lập trình và test server, CPU Ryzen 9 5900X, RAM 64GB.',36,_binary '',_binary '\0','2025-10-16 14:27:08','2025-11-05 08:30:24',3,25),(37,'Intel Core i7-14700K',10990000,5,25,'141ea96c-cbee-436c-9a57-f05038c844f4_4-1.jpg','CPU thế hệ 14 của Intel, 20 lõi, 28 luồng, hiệu năng vượt trội.',36,_binary '',_binary '','2025-10-16 14:27:08','2025-10-18 15:10:42',4,12),(38,'AMD Ryzen 7 7800X3D',9990000,30,20,'0e22bf1e-c674-48ee-882d-c6bdfe87599e_5-1.jpg','CPU gaming mạnh mẽ với công nghệ 3D V-Cache.',36,_binary '',_binary '\0','2025-10-16 14:27:08','2025-11-02 09:40:41',4,4),(39,'ASUS ROG STRIX B650E-F GAMING',6690000,0,20,'6fa4aff1-cac3-4c43-9747-0a8fb6fda151_6-1.jpg','Bo mạch chủ cao cấp hỗ trợ CPU Ryzen 7000, DDR5.',36,_binary '',_binary '','2025-10-16 14:27:08','2025-11-07 06:12:06',5,24),(40,'MSI Z790 TOMAHAWK WIFI',8290000,35,10,'9bf91e98-fd92-4de0-9ce3-3bb3e62533d5_7-1.png','Mainboard cao cấp cho Intel Gen 13-14.',36,_binary '',_binary '\0','2025-10-16 14:27:08','2025-11-05 08:30:18',5,3),(41,'Corsair Vengeance DDR5 32GB (2x16GB) 6000MHz',3990000,0,40,'648b8edb-96d9-4b32-ac45-cc1842bd7b7c_8-1.jpg','RAM DDR5 hiệu năng cao, tương thích mọi main DDR5.',36,_binary '',_binary '','2025-10-16 14:27:08','2025-10-16 08:46:10',6,13),(42,'G.Skill Trident Z5 RGB 32GB (2x16GB) 6400MHz',4290000,20,25,'556c3981-3f51-4f17-adfd-e728d5fd9410_9.png','Thiết kế RGB cực đẹp, hiệu năng hàng đầu.',36,_binary '',_binary '\0','2025-10-16 14:27:08','2025-11-05 08:30:26',6,18),(43,'NVIDIA RTX 4070 Ti SUPER',21990000,0,12,'df185349-a624-4abe-98b8-fe88b87414aa_10-1.jpg','Card đồ họa cao cấp, hiệu năng mạnh mẽ cho gaming và AI.',36,_binary '',_binary '','2025-10-16 14:27:08','2025-10-16 08:49:53',7,5),(44,'Gigabyte RTX 4060 Eagle 8G',10990000,0,15,'','Card đồ họa tầm trung, phù hợp gaming 2K.',36,_binary '',_binary '\0','2025-10-16 14:27:08','2025-10-16 10:19:12',7,7),(45,'Kingston NV2 1TB NVMe Gen4',1590000,0,60,'','SSD NVMe tốc độ cao cho mọi nhu cầu lưu trữ.',36,_binary '',_binary '\0','2025-10-16 14:27:08','2025-10-16 10:19:17',8,17),(46,'Seagate Barracuda 2TB HDD',1490000,0,80,'','Ổ cứng cơ lưu trữ bền bỉ, dung lượng lớn.',24,_binary '',_binary '\0','2025-10-16 14:27:08','2025-10-16 14:27:08',8,15),(47,'Cooler Master MWE 650W Bronze',1590000,0,40,'','Nguồn chuẩn 80 Plus Bronze, hiệu suất cao.',36,_binary '',_binary '\0','2025-10-16 14:27:08','2025-10-16 10:19:21',10,14),(48,'Corsair RM750e 750W Gold',2290000,0,30,'','Nguồn cao cấp chuẩn 80 Plus Gold, bảo vệ toàn diện.',36,_binary '',_binary '\0','2025-10-16 14:27:08','2025-10-18 15:10:30',10,13),(49,'NZXT H510 Flow',2190000,0,20,'','Case thiết kế tối giản, airflow tốt.',36,_binary '',_binary '\0','2025-10-16 14:27:08','2025-10-16 10:19:29',11,10),(50,'Thermaltake Versa T27 TG',1990000,0,18,'','Case gaming với mặt kính cường lực.',36,_binary '',_binary '\0','2025-10-16 14:27:08','2025-10-16 10:19:33',11,11),(51,'ASUS TUF VG27AQ 27\" 2K 165Hz',7490000,0,15,'','Màn hình chơi game 2K tần số quét cao.',36,_binary '',_binary '\0','2025-10-16 14:27:08','2025-10-18 15:10:31',13,6),(52,'Gigabyte M28U 28\" 4K 144Hz',9990000,0,10,'','Màn hình 4K, phù hợp gaming và đồ họa.',36,_binary '',_binary '\0','2025-10-16 14:27:08','2025-10-18 15:10:34',13,7),(53,'Logitech G Pro X Keyboard',3290000,0,25,'','Bàn phím cơ chất lượng cao, switch hot-swap.',24,_binary '',_binary '\0','2025-10-16 14:27:08','2025-10-18 15:10:33',14,9),(54,'Razer DeathAdder V3 Pro',3890000,0,30,'','Chuột gaming siêu nhẹ, hiệu năng cao.',24,_binary '',_binary '\0','2025-10-16 14:27:08','2025-10-18 15:10:36',15,21),(55,'HyperX Cloud Alpha S',2890000,0,35,'','Tai nghe gaming âm thanh vòm 7.1.',24,_binary '',_binary '\0','2025-10-16 14:27:08','2025-10-18 15:10:37',16,23),(56,'PC Gaming RTX 4070',23336200,10,17,NULL,'PC Gaming RTX 4070 mang đến hiệu năng vượt trội, phù hợp cho nhu cầu chơi game. Sản phẩm chính hãng, bảo hành 24 tháng.',24,_binary '',_binary '\0','2025-08-27 07:37:33','2025-11-02 09:01:02',1,25),(57,'PC Đồ họa Ryzen 7',24333900,0,86,'6574c01b-bc12-45f6-bb91-75e99d3b0a1a_1.png','PC Đồ họa Ryzen 7 mang đến hiệu năng vượt trội, phù hợp cho nhu cầu chơi game. Sản phẩm chính hãng, bảo hành 36 tháng.',36,_binary '',_binary '','2025-05-14 07:37:33','2025-11-04 07:28:37',1,25),(58,'PC i7 13700K RTX 4070Ti',18623800,0,47,'1c092b7f-fafd-40a5-b3a5-85f9fd2487bd_2.jpg','PC i7 13700K RTX 4070Ti mang đến hiệu năng vượt trội, phù hợp cho nhu cầu làm việc. Sản phẩm chính hãng, bảo hành 24 tháng.',24,_binary '',_binary '','2025-07-24 07:37:33','2025-11-04 07:29:28',1,25),(59,'PC louis aga',10533400,0,95,'1e633580-8987-46be-9eaf-0aff3363a0ad_3.jpg','PC chiến mọi game mang đến hiệu năng vượt trội, phù hợp cho nhu cầu ảo hóa. Sản phẩm chính hãng, bảo hành 24 tháng.',24,_binary '',_binary '','2025-06-08 07:37:33','2025-11-09 14:59:18',1,25),(60,'PC tối ưu đồ họa Adobe',8570240,0,46,NULL,'PC tối ưu đồ họa Adobe mang đến hiệu năng vượt trội, phù hợp cho nhu cầu chơi game. Sản phẩm chính hãng, bảo hành 36 tháng.',36,_binary '',_binary '\0','2025-07-25 07:37:33','2025-10-29 07:37:33',1,25),(61,'PC Văn phòng Core i5',30884300,0,13,'5a506143-8c9b-4f79-a633-8abf7bbae9f5_4.jpg','PC Văn phòng Core i5 mang đến hiệu năng vượt trội, phù hợp cho nhu cầu đồ họa. Sản phẩm chính hãng, bảo hành 12 tháng.',12,_binary '',_binary '','2025-10-13 07:37:33','2025-11-04 07:31:58',2,25),(62,'PC học tập giá rẻ',21596700,0,55,'e36f90fb-27de-4fc0-80a2-f42b1fae9cae_5.webp','PC học tập giá rẻ mang đến hiệu năng vượt trội, phù hợp cho nhu cầu đồ họa. Sản phẩm chính hãng, bảo hành 24 tháng.',24,_binary '',_binary '','2025-09-05 07:37:33','2025-11-04 07:32:24',2,25),(63,'PC Word Excel ổn định',7824060,5,46,NULL,'PC Word Excel ổn định mang đến hiệu năng vượt trội, phù hợp cho nhu cầu làm việc. Sản phẩm chính hãng, bảo hành 24 tháng.',24,_binary '',_binary '\0','2025-06-17 07:37:33','2025-10-29 07:37:33',2,25),(64,'PC văn phòng mini',29152700,0,34,'3e4dac51-829c-4627-aa8e-958873d0a97c_vp8.jpg','PC văn phòng mini mang đến hiệu năng vượt trội, phù hợp cho nhu cầu ảo hóa. Sản phẩm chính hãng, bảo hành 36 tháng.',36,_binary '',_binary '\0','2025-05-11 07:37:33','2025-11-04 08:02:54',2,25),(65,'PC cho sinh viên',22042500,0,47,'b1521f14-1a96-4fd9-a914-78db25c5f300_6.jpg','PC cho sinh viên mang đến hiệu năng vượt trội, phù hợp cho nhu cầu đồ họa. Sản phẩm chính hãng, bảo hành 36 tháng.',36,_binary '',_binary '','2025-10-14 07:37:33','2025-11-04 07:36:40',2,25),(66,'Server Mini Ryzen',38284200,0,86,'4f15ea46-f473-44bc-b15a-64e0ad2d2001_11.png','Server Mini Ryzen mang đến hiệu năng vượt trội, phù hợp cho nhu cầu đồ họa. Sản phẩm chính hãng, bảo hành 12 tháng.',12,_binary '',_binary '\0','2025-09-25 07:37:33','2025-11-05 08:31:36',3,25),(67,'Máy ảo chạy Linux',4738310,10,82,NULL,'Máy ảo chạy Linux mang đến hiệu năng vượt trội, phù hợp cho nhu cầu chơi game. Sản phẩm chính hãng, bảo hành 24 tháng.',24,_binary '',_binary '\0','2025-09-10 07:37:33','2025-11-05 08:43:24',3,25),(69,'PC Docker Kubernetes',39602900,0,64,NULL,'PC Docker Kubernetes mang đến hiệu năng vượt trội, phù hợp cho nhu cầu chơi game. Sản phẩm chính hãng, bảo hành 24 tháng.',24,_binary '',_binary '\0','2025-05-24 07:37:33','2025-10-29 07:37:33',3,25),(70,'Máy chủ thử nghiệm',13028000,10,38,NULL,'Máy chủ thử nghiệm mang đến hiệu năng vượt trội, phù hợp cho nhu cầu làm việc. Sản phẩm chính hãng, bảo hành 12 tháng.',12,_binary '',_binary '\0','2025-10-06 07:37:33','2025-10-29 07:37:33',3,25),(71,'Intel Core i9 14900K',29226800,10,45,NULL,'Intel Core i9 14900K mang đến hiệu năng vượt trội, phù hợp cho nhu cầu chơi game. Sản phẩm chính hãng, bảo hành 12 tháng.',12,_binary '',_binary '\0','2025-10-08 07:37:33','2025-10-29 07:37:33',4,4),(72,'AMD Ryzen 9 7950X',16003400,10,12,'77fe150f-f22c-4e24-8691-62217c80bd69_amd.jpg','AMD Ryzen 9 7950X mang đến hiệu năng vượt trội, phù hợp cho nhu cầu văn phòng. Sản phẩm chính hãng, bảo hành 36 tháng.',36,_binary '',_binary '','2025-08-10 07:37:33','2025-11-08 15:25:46',4,4),(73,'Intel Core i5 12400F',22848900,0,65,'4ca905f9-a721-435f-a099-36f8666819fa_i5.webp','Intel Core i5 12400F mang đến hiệu năng vượt trội, phù hợp cho nhu cầu đồ họa. Sản phẩm chính hãng, bảo hành 24 tháng.',24,_binary '',_binary '','2025-05-10 07:37:33','2025-11-08 15:26:55',4,12),(74,'Ryzen 7 7800X3D',36704000,0,32,'d5cef5e3-30b2-464c-95cf-c7e524bc5aa2_amd7.jpg','Ryzen 7 7800X3D mang đến hiệu năng vượt trội, phù hợp cho nhu cầu chơi game. Sản phẩm chính hãng, bảo hành 12 tháng.',12,_binary '',_binary '','2025-07-08 07:37:33','2025-11-08 15:27:45',4,4),(75,'Intel Core i7 13700KF',17783000,10,99,'067f21bd-a9a8-46d7-85ab-6738db1d15da_i7.png','Intel Core i7 13700KF mang đến hiệu năng vượt trội, phù hợp cho nhu cầu ảo hóa. Sản phẩm chính hãng, bảo hành 12 tháng.',12,_binary '',_binary '','2025-05-09 07:37:33','2025-11-08 15:31:25',4,12),(76,'ASUS TUF B650',37448700,12,81,'87756622-0d76-4ade-8c17-e8e7bebebe99_12.jpg','ASUS TUF B650 mang đến hiệu năng vượt trội, phù hợp cho nhu cầu văn phòng. Sản phẩm chính hãng, bảo hành 12 tháng.',12,_binary '',_binary '\0','2025-08-18 07:37:33','2025-11-05 08:33:53',5,6),(77,'Gigabyte Z790 Aorus',29770800,15,100,'7d46a057-cefb-40ae-8cf9-2d460569650b_20.png','Gigabyte Z790 Aorus mang đến hiệu năng vượt trội, phù hợp cho nhu cầu làm việc. Sản phẩm chính hãng, bảo hành 36 tháng.',36,_binary '',_binary '\0','2025-08-09 07:37:33','2025-11-05 08:36:27',5,7),(78,'ASRock B550M Pro4',31172900,5,16,NULL,'ASRock B550M Pro4 mang đến hiệu năng vượt trội, phù hợp cho nhu cầu làm việc. Sản phẩm chính hãng, bảo hành 24 tháng.',24,_binary '',_binary '\0','2025-07-20 07:37:33','2025-10-29 07:37:33',5,7),(79,'MSI B760 Tomahawk',12276400,15,67,'3dd77471-85bf-4f7e-92ce-05b50d1fd027_1.png','MSI B760 Tomahawk mang đến hiệu năng vượt trội, phù hợp cho nhu cầu ảo hóa. Sản phẩm chính hãng, bảo hành 12 tháng.',12,_binary '',_binary '','2025-08-06 07:37:33','2025-11-05 08:39:17',5,3),(80,'ASUS Prime Z790-P',16244600,10,26,'6b6152c7-b665-486d-8569-d0abdbdc0c3a_asusmain.jpg','ASUS Prime Z790-P mang đến hiệu năng vượt trội, phù hợp cho nhu cầu văn phòng. Sản phẩm chính hãng, bảo hành 12 tháng.',12,_binary '',_binary '','2025-07-14 07:37:33','2025-11-08 15:30:06',5,6),(81,'Corsair Vengeance 16GB DDR5',12671700,5,72,'503ffcb3-3782-4f68-a13c-7067b4ff936a_coirsar.png','Corsair Vengeance 16GB DDR5 mang đến hiệu năng vượt trội, phù hợp cho nhu cầu đồ họa. Sản phẩm chính hãng, bảo hành 36 tháng.',36,_binary '',_binary '','2025-10-26 07:37:33','2025-11-08 15:31:02',6,18),(82,'G.Skill Trident Z 32GB',4238990,10,68,NULL,'G.Skill Trident Z 32GB mang đến hiệu năng vượt trội, phù hợp cho nhu cầu chơi game. Sản phẩm chính hãng, bảo hành 12 tháng.',12,_binary '',_binary '\0','2025-05-16 07:37:33','2025-10-29 07:37:33',6,19),(83,'Kingston Fury 16GB DDR4',19580600,0,36,NULL,'Kingston Fury 16GB DDR4 mang đến hiệu năng vượt trội, phù hợp cho nhu cầu làm việc. Sản phẩm chính hãng, bảo hành 24 tháng.',24,_binary '',_binary '\0','2025-09-22 07:37:33','2025-10-29 07:37:33',6,18),(84,'ADATA XPG Lancer 32GB',34681100,5,100,NULL,'ADATA XPG Lancer 32GB mang đến hiệu năng vượt trội, phù hợp cho nhu cầu đồ họa. Sản phẩm chính hãng, bảo hành 12 tháng.',12,_binary '',_binary '\0','2025-07-23 07:37:33','2025-10-29 07:37:33',6,18),(85,'G.Skill Ripjaws 8GB',23460500,10,56,'7cf0d413-9371-4930-b7d2-20db7e4dff79_gskill.jpg','G.Skill Ripjaws 8GB mang đến hiệu năng vượt trội, phù hợp cho nhu cầu đồ họa. Sản phẩm chính hãng, bảo hành 24 tháng.',24,_binary '',_binary '','2025-10-12 07:37:33','2025-11-08 15:32:33',6,17),(86,'NVIDIA RTX 4070',37575300,5,64,NULL,'NVIDIA RTX 4070 mang đến hiệu năng vượt trội, phù hợp cho nhu cầu văn phòng. Sản phẩm chính hãng, bảo hành 24 tháng.',24,_binary '',_binary '','2025-07-25 07:37:33','2025-10-29 07:37:33',7,6),(87,'ASUS RTX 4080',4759500,15,83,'38e5bd7f-726c-4b07-97fc-acd0993f2d73_4.jpg','ASUS RTX 4080 mang đến hiệu năng vượt trội, phù hợp cho nhu cầu làm việc. Sản phẩm chính hãng, bảo hành 24 tháng.',24,_binary '',_binary '','2025-06-03 07:37:33','2025-11-05 08:41:09',7,6),(88,'Gigabyte RTX 4060Ti',14415200,10,90,NULL,'Gigabyte RTX 4060Ti mang đến hiệu năng vượt trội, phù hợp cho nhu cầu đồ họa. Sản phẩm chính hãng, bảo hành 24 tháng.',24,_binary '',_binary '\0','2025-06-14 07:37:33','2025-10-29 07:37:33',7,6),(89,'MSI RTX 4070 Super',32473900,15,93,'29d02d23-a098-490f-b151-e7200473f334_6.jpg','MSI RTX 4070 Super mang đến hiệu năng vượt trội, phù hợp cho nhu cầu chơi game. Sản phẩm chính hãng, bảo hành 12 tháng.',12,_binary '',_binary '\0','2025-05-19 07:37:33','2025-11-05 08:42:12',7,3),(90,'NVIDIA RTX 4090',31517900,10,56,'073651dc-0194-4634-8869-55ee7780fc78_40901.jpg','NVIDIA RTX 4090 mang đến hiệu năng vượt trội, phù hợp cho nhu cầu văn phòng. Sản phẩm chính hãng, bảo hành 12 tháng.',12,_binary '',_binary '\0','2025-08-03 07:37:33','2025-11-08 16:12:52',7,6),(91,'Seagate Barracuda 2TB',28269700,0,55,NULL,'Seagate Barracuda 2TB mang đến hiệu năng vượt trội, phù hợp cho nhu cầu ảo hóa. Sản phẩm chính hãng, bảo hành 24 tháng.',24,_binary '',_binary '\0','2025-07-15 07:37:33','2025-10-29 07:37:33',8,15),(92,'WD Blue 1TB SSD',9347570,5,76,NULL,'WD Blue 1TB SSD mang đến hiệu năng vượt trội, phù hợp cho nhu cầu đồ họa. Sản phẩm chính hãng, bảo hành 12 tháng.',12,_binary '',_binary '','2025-07-15 07:37:33','2025-10-29 07:37:33',8,15),(93,'Seagate FireCuda 520 1TB',28435300,10,90,NULL,'Seagate FireCuda 520 1TB mang đến hiệu năng vượt trội, phù hợp cho nhu cầu ảo hóa. Sản phẩm chính hãng, bảo hành 12 tháng.',12,_binary '',_binary '\0','2025-05-08 07:37:33','2025-10-29 07:37:33',8,16),(94,'WD Black SN850 2TB',20568500,5,39,NULL,'WD Black SN850 2TB mang đến hiệu năng vượt trội, phù hợp cho nhu cầu ảo hóa. Sản phẩm chính hãng, bảo hành 12 tháng.',12,_binary '',_binary '\0','2025-08-15 07:37:33','2025-10-29 07:37:33',8,15),(95,'Seagate IronWolf 4TB',33147100,15,90,'e63ea314-f18e-43b9-8f32-b994b8d3a239_seagate.jpg','Seagate IronWolf 4TB mang đến hiệu năng vượt trội, phù hợp cho nhu cầu đồ họa. Sản phẩm chính hãng, bảo hành 36 tháng.',36,_binary '',_binary '','2025-07-22 07:37:33','2025-11-08 15:14:39',8,15),(96,'Cooler Master MWE 650W',21659700,15,71,'9f2ef12b-40d7-43a7-b576-47370a1ddd71_a.jpg','Cooler Master MWE 650W mang đến hiệu năng vượt trội, phù hợp cho nhu cầu đồ họa. Sản phẩm chính hãng, bảo hành 24 tháng.',24,_binary '',_binary '','2025-08-23 07:37:33','2025-11-08 15:15:47',10,10),(97,'NZXT C750 Bronze',37719200,15,69,'de69c7eb-d1b5-45b1-9a34-d11888d1201f_c.jpg','NZXT C750 Bronze mang đến hiệu năng vượt trội, phù hợp cho nhu cầu chơi game. Sản phẩm chính hãng, bảo hành 12 tháng.',12,_binary '',_binary '\0','2025-07-17 07:37:33','2025-11-08 15:20:26',10,10),(98,'Thermaltake Smart 600W',15096800,15,11,'946c4122-b5b7-4992-9bf3-80ffaaf027d9_e.webp','Thermaltake Smart 600W mang đến hiệu năng vượt trội, phù hợp cho nhu cầu văn phòng. Sản phẩm chính hãng, bảo hành 36 tháng.',36,_binary '',_binary '','2025-10-12 07:37:33','2025-11-08 15:20:14',10,11),(99,'Corsair RM850x',25068300,0,67,NULL,'Corsair RM850x mang đến hiệu năng vượt trội, phù hợp cho nhu cầu văn phòng. Sản phẩm chính hãng, bảo hành 36 tháng.',36,_binary '',_binary '','2025-09-05 07:37:33','2025-10-29 07:37:33',10,14),(100,'Cooler Master GX 550W',10752800,5,100,NULL,'Cooler Master GX 550W mang đến hiệu năng vượt trội, phù hợp cho nhu cầu ảo hóa. Sản phẩm chính hãng, bảo hành 24 tháng.',24,_binary '',_binary '\0','2025-06-27 07:37:33','2025-10-29 07:37:33',10,10),(101,'Corsair iCUE 220T',24323300,5,36,NULL,'Corsair iCUE 220T mang đến hiệu năng vượt trội, phù hợp cho nhu cầu đồ họa. Sản phẩm chính hãng, bảo hành 24 tháng.',24,_binary '',_binary '\0','2025-09-05 07:37:33','2025-10-29 07:37:33',11,14),(102,'NZXT H510',17160600,15,33,'0335a12b-45ed-48e5-aa34-b11e7841bb89_g.jpg','NZXT H510 mang đến hiệu năng vượt trội, phù hợp cho nhu cầu văn phòng. Sản phẩm chính hãng, bảo hành 12 tháng.',12,_binary '',_binary '\0','2025-05-22 07:37:33','2025-11-08 15:19:44',11,10),(103,'Cooler Master MasterBox',9633560,5,81,NULL,'Cooler Master MasterBox mang đến hiệu năng vượt trội, phù hợp cho nhu cầu chơi game. Sản phẩm chính hãng, bảo hành 24 tháng.',24,_binary '',_binary '\0','2025-07-09 07:37:33','2025-10-29 07:37:33',11,11),(104,'Thermaltake Versa H26',36832300,15,82,'18d5bf7e-c858-4d3f-b8ee-0f6b380d6064_z.jpg','Thermaltake Versa H26 mang đến hiệu năng vượt trội, phù hợp cho nhu cầu ảo hóa. Sản phẩm chính hãng, bảo hành 24 tháng.',24,_binary '',_binary '','2025-06-08 07:37:33','2025-11-08 15:22:14',11,11),(105,'ASUS Prime Case',16574900,0,34,NULL,'ASUS Prime Case mang đến hiệu năng vượt trội, phù hợp cho nhu cầu ảo hóa. Sản phẩm chính hãng, bảo hành 12 tháng.',12,_binary '',_binary '\0','2025-10-08 07:37:33','2025-10-29 07:37:33',11,14),(106,'Cooler Master Hyper 212',16062600,10,19,NULL,'Cooler Master Hyper 212 mang đến hiệu năng vượt trội, phù hợp cho nhu cầu làm việc. Sản phẩm chính hãng, bảo hành 12 tháng.',12,_binary '',_binary '','2025-09-30 07:37:33','2025-10-29 07:37:33',12,14),(107,'NZXT Kraken 240',7029690,5,24,NULL,'NZXT Kraken 240 mang đến hiệu năng vượt trội, phù hợp cho nhu cầu đồ họa. Sản phẩm chính hãng, bảo hành 24 tháng.',24,_binary '',_binary '\0','2025-08-15 07:37:33','2025-10-29 07:37:33',12,14),(108,'Thermaltake ToughAir',29179300,5,75,NULL,'Thermaltake ToughAir mang đến hiệu năng vượt trội, phù hợp cho nhu cầu chơi game. Sản phẩm chính hãng, bảo hành 36 tháng.',36,_binary '',_binary '','2025-06-15 07:37:33','2025-10-29 07:37:33',12,10),(109,'Cooler Master ML240L',17551800,10,78,NULL,'Cooler Master ML240L mang đến hiệu năng vượt trội, phù hợp cho nhu cầu chơi game. Sản phẩm chính hãng, bảo hành 12 tháng.',12,_binary '',_binary '','2025-05-04 07:37:33','2025-10-29 07:37:33',12,14),(110,'DeepCool AK400',11186500,0,57,NULL,'DeepCool AK400 mang đến hiệu năng vượt trội, phù hợp cho nhu cầu chơi game. Sản phẩm chính hãng, bảo hành 24 tháng.',24,_binary '',_binary '\0','2025-07-02 07:37:33','2025-10-29 07:37:33',12,10),(111,'ASUS ProArt 27 inch',21500900,10,64,NULL,'ASUS ProArt 27 inch mang đến hiệu năng vượt trội, phù hợp cho nhu cầu chơi game. Sản phẩm chính hãng, bảo hành 36 tháng.',36,_binary '',_binary '','2025-07-02 07:37:33','2025-10-29 07:37:33',13,9),(112,'Gigabyte G27Q',4828910,10,15,NULL,'Gigabyte G27Q mang đến hiệu năng vượt trội, phù hợp cho nhu cầu đồ họa. Sản phẩm chính hãng, bảo hành 24 tháng.',24,_binary '',_binary '','2025-05-10 07:37:33','2025-10-29 07:37:33',13,3),(113,'MSI G32CQ5',25662600,15,97,'daa70a31-8455-47c1-8908-022f1d0f409d_q.jpg','MSI G32CQ5 mang đến hiệu năng vượt trội, phù hợp cho nhu cầu đồ họa. Sản phẩm chính hãng, bảo hành 36 tháng.',36,_binary '',_binary '','2025-06-07 07:37:33','2025-11-08 15:23:53',13,3),(115,'AOC 24G2SPU',22855000,0,73,NULL,'AOC 24G2SPU mang đến hiệu năng vượt trội, phù hợp cho nhu cầu làm việc. Sản phẩm chính hãng, bảo hành 12 tháng.',12,_binary '',_binary '','2025-05-21 07:37:33','2025-10-29 07:37:33',13,7),(116,'Logitech G213',8152780,5,53,NULL,'Logitech G213 mang đến hiệu năng vượt trội, phù hợp cho nhu cầu làm việc. Sản phẩm chính hãng, bảo hành 36 tháng.',36,_binary '',_binary '','2025-08-11 07:37:33','2025-10-29 07:37:33',14,9),(117,'Razer BlackWidow V3',19738900,0,46,NULL,'Razer BlackWidow V3 mang đến hiệu năng vượt trội, phù hợp cho nhu cầu làm việc. Sản phẩm chính hãng, bảo hành 12 tháng.',12,_binary '',_binary '','2025-08-02 07:37:33','2025-10-29 07:37:33',14,9),(118,'SteelSeries Apex 3',20808400,15,91,NULL,'SteelSeries Apex 3 mang đến hiệu năng vượt trội, phù hợp cho nhu cầu đồ họa. Sản phẩm chính hãng, bảo hành 24 tháng.',24,_binary '',_binary '\0','2025-08-10 07:37:33','2025-10-29 07:37:33',14,22),(119,'HyperX Alloy Core',32596600,10,47,NULL,'HyperX Alloy Core mang đến hiệu năng vượt trội, phù hợp cho nhu cầu chơi game. Sản phẩm chính hãng, bảo hành 12 tháng.',12,_binary '',_binary '','2025-08-19 07:37:33','2025-10-29 07:37:33',14,22),(120,'ASUS TUF K3',18047300,5,57,NULL,'ASUS TUF K3 mang đến hiệu năng vượt trội, phù hợp cho nhu cầu đồ họa. Sản phẩm chính hãng, bảo hành 36 tháng.',36,_binary '',_binary '','2025-10-22 07:37:33','2025-10-29 07:37:33',14,21),(121,'Logitech G502',4137360,0,51,NULL,'Logitech G502 mang đến hiệu năng vượt trội, phù hợp cho nhu cầu chơi game. Sản phẩm chính hãng, bảo hành 12 tháng.',12,_binary '',_binary '','2025-07-20 07:37:33','2025-10-29 07:37:33',15,22),(122,'Razer Basilisk V3',12654100,5,31,NULL,'Razer Basilisk V3 mang đến hiệu năng vượt trội, phù hợp cho nhu cầu chơi game. Sản phẩm chính hãng, bảo hành 12 tháng.',12,_binary '',_binary '','2025-10-20 07:37:33','2025-10-29 07:37:33',15,21),(123,'SteelSeries Rival 5',30582300,0,50,NULL,'SteelSeries Rival 5 mang đến hiệu năng vượt trội, phù hợp cho nhu cầu ảo hóa. Sản phẩm chính hãng, bảo hành 36 tháng.',36,_binary '',_binary '','2025-05-03 07:37:33','2025-10-29 07:37:33',15,21),(124,'HyperX Pulsefire',20756800,15,63,NULL,'HyperX Pulsefire mang đến hiệu năng vượt trội, phù hợp cho nhu cầu đồ họa. Sản phẩm chính hãng, bảo hành 12 tháng.',12,_binary '',_binary '\0','2025-08-30 07:37:33','2025-10-29 07:37:33',15,9),(125,'ASUS ROG Gladius',9436700,0,19,NULL,'ASUS ROG Gladius mang đến hiệu năng vượt trội, phù hợp cho nhu cầu văn phòng. Sản phẩm chính hãng, bảo hành 12 tháng.',12,_binary '',_binary '\0','2025-08-11 07:37:33','2025-10-29 07:37:33',15,22),(126,'HyperX Cloud II',12062900,15,75,NULL,'HyperX Cloud II mang đến hiệu năng vượt trội, phù hợp cho nhu cầu chơi game. Sản phẩm chính hãng, bảo hành 24 tháng.',24,_binary '',_binary '\0','2025-09-03 07:37:33','2025-10-29 07:37:33',16,23),(127,'Razer Kraken X',10847100,10,26,NULL,'Razer Kraken X mang đến hiệu năng vượt trội, phù hợp cho nhu cầu đồ họa. Sản phẩm chính hãng, bảo hành 36 tháng.',36,_binary '',_binary '\0','2025-06-04 07:37:33','2025-10-29 07:37:33',16,22),(128,'SteelSeries Arctis 5',26017100,15,76,NULL,'SteelSeries Arctis 5 mang đến hiệu năng vượt trội, phù hợp cho nhu cầu đồ họa. Sản phẩm chính hãng, bảo hành 12 tháng.',12,_binary '',_binary '\0','2025-09-27 07:37:33','2025-10-29 07:37:33',16,23),(129,'Logitech G Pro X',31067000,15,74,NULL,'Logitech G Pro X mang đến hiệu năng vượt trội, phù hợp cho nhu cầu chơi game. Sản phẩm chính hãng, bảo hành 24 tháng.',24,_binary '',_binary '','2025-05-21 07:37:33','2025-10-29 07:37:33',16,23),(130,'ASUS TUF H3',7276680,0,29,NULL,'ASUS TUF H3 mang đến hiệu năng vượt trội, phù hợp cho nhu cầu văn phòng. Sản phẩm chính hãng, bảo hành 36 tháng.',36,_binary '',_binary '','2025-08-16 07:37:33','2025-10-29 07:37:33',16,22),(131,'Logitech Z407',34189700,15,37,NULL,'Logitech Z407 mang đến hiệu năng vượt trội, phù hợp cho nhu cầu văn phòng. Sản phẩm chính hãng, bảo hành 12 tháng.',12,_binary '',_binary '','2025-09-01 07:37:33','2025-10-29 07:37:33',17,23),(132,'Razer Nommo Chroma',10497200,0,88,NULL,'Razer Nommo Chroma mang đến hiệu năng vượt trội, phù hợp cho nhu cầu ảo hóa. Sản phẩm chính hãng, bảo hành 36 tháng.',36,_binary '',_binary '','2025-08-10 07:37:33','2025-10-29 07:37:33',17,23),(133,'SteelSeries Arena 3',10096600,5,100,NULL,'SteelSeries Arena 3 mang đến hiệu năng vượt trội, phù hợp cho nhu cầu chơi game. Sản phẩm chính hãng, bảo hành 24 tháng.',24,_binary '',_binary '','2025-10-07 07:37:33','2025-10-29 07:37:33',17,22),(134,'HyperX DuoCast',37197400,0,49,NULL,'HyperX DuoCast mang đến hiệu năng vượt trội, phù hợp cho nhu cầu văn phòng. Sản phẩm chính hãng, bảo hành 36 tháng.',36,_binary '',_binary '\0','2025-10-29 07:37:33','2025-10-29 07:37:33',17,23),(135,'ASUS ROG Strix Go',18284100,10,72,NULL,'ASUS ROG Strix Go mang đến hiệu năng vượt trội, phù hợp cho nhu cầu chơi game. Sản phẩm chính hãng, bảo hành 24 tháng.',24,_binary '',_binary '\0','2025-10-17 07:37:33','2025-10-29 07:37:33',17,22),(136,'PC Gaming RTX 4070 Super - i7 13700K - 32GB RAM',45990000,0,25,'b8ca6f64-75ff-48d5-a5f1-b53090efb8b1_7.jpg','Dàn PC chơi game cao cấp trang bị CPU Intel i7 13700K, card RTX 4070 Super, RAM 32GB DDR5, SSD 1TB NVMe. Cấu hình mạnh mẽ đáp ứng mọi tựa game AAA và nhu cầu đồ họa chuyên nghiệp.',24,_binary '',_binary '','2025-10-29 14:43:05','2025-11-04 07:37:06',1,25),(137,'PC Văn phòng Intel i5 Gen13 - 16GB RAM - SSD 512GB',14490000,0,30,'a8e3bac7-ec64-45a3-ada5-f40700657ee5_vp6.jpg','Máy tính văn phòng tiết kiệm điện năng, CPU Intel i5 Gen13, RAM 16GB, SSD 512GB. Khởi động nhanh, chạy mượt Word, Excel, Chrome và phần mềm kế toán.',24,_binary '',_binary '\0','2025-10-29 14:43:05','2025-11-04 08:01:55',2,25),(138,'PC Máy ảo Ryzen 9 7950X - 64GB RAM ECC - 2TB SSD',62990000,0,10,'b7e62808-e13d-457d-9214-38350c1a48a1_8.jpg','Máy ảo chuyên dụng với CPU Ryzen 9 7950X 16 nhân 32 luồng, RAM ECC 64GB, SSD NVMe 2TB. Phù hợp dựng lab, chạy server mini hoặc giả lập hệ thống.',36,_binary '',_binary '','2025-10-29 14:43:05','2025-11-04 07:37:51',3,25),(139,'PC Gaming RTX 4060 - i5 13400F - 16GB RAM',25990000,0,50,'5a66ddae-1249-4d3e-a197-fea76495f803_9.jpg','Cấu hình cân bằng giữa hiệu năng và giá thành. CPU i5 13400F, card RTX 4060 8GB, RAM DDR5 16GB, SSD 1TB. Chạy mượt các tựa game phổ biến như Valorant, GTA V, Apex.',24,_binary '',_binary '','2025-10-29 14:43:05','2025-11-04 07:38:53',1,25),(140,'PC Văn phòng Ryzen 5 5600G - 8GB RAM - SSD 512GB',9990000,0,60,'008dcf72-78fc-405a-ade6-09b338905e45_vp7.jpg','Máy tính văn phòng giá tốt, CPU Ryzen 5 5600G tích hợp GPU Vega, RAM 8GB, SSD 512GB, đáp ứng tốt nhu cầu học tập và làm việc cơ bản.',24,_binary '',_binary '\0','2025-10-29 14:43:05','2025-11-04 08:02:21',2,25),(141,'PC Máy ảo Xeon E5-2699 v4 - 128GB RAM - RAID SSD',89990000,0,5,'61953260-1094-45e1-a62f-f89f229e3fd7_13.jpg','Trạm máy ảo chuyên nghiệp với 22 nhân 44 luồng, 128GB RAM ECC, hệ thống RAID SSD tốc độ cao. Dành cho devops, nghiên cứu AI hoặc cloud lab.',36,_binary '',_binary '','2025-10-29 14:43:05','2025-11-04 07:39:19',3,25),(142,'Intel Core i9-14900K (24 nhân, 32 luồng, 6.0GHz)',17990000,5,40,'','CPU flagship của Intel thế hệ 14, tối ưu cho gaming và xử lý đa nhiệm. Tương thích socket LGA1700, hỗ trợ DDR5 và PCIe 5.0.',36,_binary '',_binary '','2025-10-29 14:43:05','2025-10-29 14:43:05',4,12),(143,'AMD Ryzen 7 7800X3D (8 nhân, 16 luồng, 5.0GHz)',12990000,3,45,'','CPU nổi tiếng nhờ công nghệ 3D V-Cache tăng hiệu năng gaming vượt trội. Hỗ trợ socket AM5, DDR5, PCIe 5.0.',36,_binary '',_binary '','2025-10-29 14:43:05','2025-10-29 14:43:05',4,4),(144,'Intel Core i5-13400F (10 nhân, 16 luồng)',5690000,5,100,'','CPU tầm trung phổ biến cho gaming và văn phòng. 6 nhân hiệu năng + 4 nhân tiết kiệm, xung tối đa 4.6GHz, không có GPU tích hợp.',24,_binary '',_binary '','2025-10-29 14:43:05','2025-10-29 14:43:05',4,12),(145,'AMD Ryzen 5 5600G (6 nhân, GPU Vega 7)',3590000,6,120,'','CPU APU mạnh mẽ có GPU tích hợp Vega 7, giúp chơi game nhẹ và làm việc đồ họa mà không cần card rời. Socket AM4, tương thích đa dạng.',24,_binary '',_binary '\0','2025-10-29 14:43:05','2025-10-29 14:43:05',4,4),(146,'Mainboard ASUS TUF B760M-PLUS WIFI DDR5',4690000,5,60,'','Bo mạch chủ dòng TUF của ASUS, hỗ trợ CPU Intel Gen12–14, DDR5, Wi-Fi 6, cổng PCIe 5.0. Bền bỉ và ổn định cho game thủ.',36,_binary '',_binary '','2025-10-29 14:43:05','2025-10-29 14:43:05',5,6),(147,'Mainboard MSI B550M PRO-VDH WIFI',3390000,8,70,'','Bo mạch chủ socket AM4, hỗ trợ CPU Ryzen Gen3–5, DDR4, Wi-Fi, M.2 PCIe 4.0. Lựa chọn tốt cho build gaming tầm trung.',36,_binary '',_binary '\0','2025-10-29 14:43:05','2025-10-29 14:43:05',5,3),(148,'Mainboard GIGABYTE Z790 AORUS ELITE AX',7690000,5,50,'','Bo mạch chủ cao cấp cho Intel Gen14, DDR5, Wi-Fi 6E, 3 khe M.2 PCIe 5.0, tản VRM hiệu suất cao.',36,_binary '',_binary '','2025-10-29 14:43:05','2025-10-29 14:43:05',5,7),(149,'Mainboard ASRock B650M Pro RS',3290000,6,90,'','Bo mạch chủ AM5 giá rẻ hỗ trợ Ryzen 7000, DDR5, PCIe 5.0. Thiết kế đơn giản nhưng ổn định cho build gaming tiết kiệm.',24,_binary '',_binary '\0','2025-10-29 14:43:05','2025-10-29 14:43:05',5,8),(150,'RAM G.Skill Trident Z5 RGB DDR5 32GB (2x16GB) 6400MHz',3590000,5,70,'','Bộ RAM DDR5 cao cấp tốc độ 6400MHz, tản nhiệt nhôm, đèn RGB nổi bật. Hiệu năng và thẩm mỹ đều tuyệt vời.',36,_binary '',_binary '','2025-10-29 14:43:05','2025-10-29 14:43:05',6,18),(151,'RAM Kingston Fury Beast DDR4 16GB (2x8GB) 3200MHz',1290000,5,150,'','RAM phổ thông hiệu năng cao, tương thích hầu hết main DDR4. Phù hợp gaming, đồ họa, làm việc.',24,_binary '',_binary '','2025-10-29 14:43:05','2025-10-29 14:43:05',6,17),(152,'RAM Corsair Vengeance DDR5 64GB (2x32GB) 6000MHz',4990000,10,40,'','RAM DDR5 dung lượng lớn, tốc độ cao, tối ưu cho workstation, render hoặc xử lý AI.',36,_binary '',_binary '','2025-10-29 14:43:05','2025-10-29 14:43:05',6,13),(153,'RAM ADATA XPG Lancer RGB DDR5 16GB 6000MHz',1590000,7,90,'','RAM DDR5 giá tốt của ADATA, thiết kế gaming, có RGB, phù hợp PC build tầm trung.',24,_binary '',_binary '\0','2025-10-29 14:43:05','2025-10-29 14:43:05',6,19),(154,'MSI GeForce RTX 4080 SUPER 16GB GAMING X TRIO',30990000,10,30,'','Card đồ họa cao cấp của MSI, kiến trúc Ada Lovelace, VRAM 16GB GDDR6X, hỗ trợ DLSS 3 và Ray Tracing. Chạy mượt mọi game 4K.',36,_binary '',_binary '','2025-10-29 14:43:05','2025-10-29 14:43:05',7,3),(155,'ASUS Dual RTX 4070 Ti 12GB GDDR6X',22990000,8,40,'2d1e79dc-694f-4959-9064-f5e39d761631_4060.jpg','Card đồ họa hiệu năng cao với thiết kế tản kép nhỏ gọn, phù hợp gaming 2K và đồ họa 3D. Tiết kiệm điện, ít ồn.',36,_binary '',_binary '','2025-10-29 14:43:05','2025-11-11 02:57:45',7,6),(156,'GIGABYTE RTX 4060 Eagle OC 8GB',9490000,5,60,'','Card tầm trung cân bằng giá - hiệu năng, phù hợp PC gaming phổ thông. Chạy tốt các game eSports ở 1080p.',36,_binary '',_binary '\0','2025-10-29 14:43:05','2025-10-29 14:43:05',7,7),(157,'NVIDIA RTX 4090 Founders Edition 24GB',49990000,5,20,'58a01aba-8c45-461d-a59c-6749b27fdac3_4090.jpg','Siêu card đồ họa mạnh nhất hiện tại, phục vụ render, AI và 3D chuyên nghiệp. 24GB VRAM GDDR6X, công suất 450W.',36,_binary '',_binary '','2025-10-29 14:43:05','2025-11-08 16:12:28',7,5),(158,'PC Gaming Ryzen 7 RTX 4070 Super',38990000,0,10,'c7dc7c04-238f-49bc-8a8a-043ceddcd41e_12.jpg','Chiếc PC chiến game mạnh mẽ sử dụng Ryzen 7 7800X3D cùng RTX 4070 Super, đáp ứng tốt mọi tựa game AAA ở độ phân giải 2K. Bộ tản nhiệt nước AIO giúp duy trì nhiệt độ lý tưởng, đồng thời đảm bảo hiệu suất ổn định khi stream hoặc render.',24,_binary '',_binary '','2025-10-29 14:44:35','2025-11-04 07:39:43',1,25),(159,'PC Gaming i7 13700KF RTX 4070Ti',41990000,0,8,'60314ee8-6f6b-4bb1-bec4-80d70db19f9b_11.jpg','Cấu hình cao cấp cho game thủ và designer, với CPU Intel i7-13700KF và GPU RTX 4070Ti. Kết hợp RAM 32GB DDR5 và SSD 1TB Gen4 cho tốc độ xử lý cực nhanh. Case RGB đẹp mắt, nguồn 750W chuẩn 80+ Gold.',24,_binary '',_binary '','2025-10-29 14:44:35','2025-11-04 07:40:18',1,25),(160,'PC Văn phòng Core i5 Gen13',11490000,5,20,'','Máy tính văn phòng sử dụng Intel i5-13400, RAM 16GB, SSD 512GB, phù hợp cho công việc Word, Excel, Zoom và phần mềm kế toán. Thiết kế nhỏ gọn, hoạt động êm ái và tiết kiệm điện năng.',18,_binary '',_binary '\0','2025-10-29 14:44:35','2025-10-29 14:44:35',3,25),(161,'PC Làm việc đồ họa Ryzen 9 5900X',32490000,0,7,'f0b367cd-3d3f-4e22-ae0a-c0f06ffae07c_vp10.jpg','Máy tính trạm chuyên đồ họa với Ryzen 9 5900X, RAM 64GB, GPU RTX 3060 12GB. Phù hợp cho Photoshop, Premiere, Blender và CAD. Thiết kế gọn gàng, tản nhiệt tốt, hiệu năng cao.',24,_binary '',_binary '\0','2025-10-29 14:44:35','2025-11-04 08:12:36',2,25),(162,'PC Máy ảo Xeon 12 Core RAM 128GB',28990000,0,5,'','Máy chuyên ảo hoá với CPU Xeon Silver 4214R, RAM 128GB ECC, SSD NVMe 1TB, hỗ trợ ảo hoá nhiều máy cùng lúc trên VMware hoặc Proxmox. Rất phù hợp cho kỹ sư hệ thống, lập trình viên backend.',36,_binary '',_binary '\0','2025-10-29 14:44:35','2025-10-29 14:44:35',4,25),(163,'PC Văn phòng Mini SilentBox',8790000,0,15,'','Máy tính mini siêu êm, chip Intel i3-12100, RAM 8GB, SSD 256GB. Thiết kế nhỏ gọn đặt vừa bàn làm việc, tiêu thụ điện thấp, lý tưởng cho công ty hoặc gia đình.',12,_binary '',_binary '\0','2025-10-29 14:44:35','2025-10-29 14:44:35',3,25),(164,'PC Gaming Starter GTX 1660 Super',15990000,0,12,'1530309a-84d4-49b5-ac34-fe1bfc59ed9f_1-5.jpg','Dành cho game thủ mới bắt đầu, cấu hình gồm Ryzen 5 5600, GTX 1660 Super, RAM 16GB, SSD 512GB. Chơi tốt Liên Minh, Valorant, Genshin Impact ở mức đồ họa cao. Case RGB đẹp mắt.',24,_binary '',_binary '\0','2025-10-29 14:44:35','2025-11-04 08:35:10',1,25),(165,'PC Làm việc lập trình Intel i7',17490000,0,14,'539c76b1-7495-472a-bf66-5c8d784a0f7b_vp11.jpg','Máy dành cho dân code, thiết kế yên tĩnh, cấu hình i7-12700, RAM 32GB, SSD 1TB, màn hình kép hỗ trợ lập trình và chạy máy ảo nhẹ. Tiết kiệm điện, hoạt động ổn định lâu dài.',24,_binary '',_binary '\0','2025-10-29 14:44:35','2025-11-04 08:13:00',2,25),(166,'PC Gaming Ryzen 5 5600 + RTX 4060',19990000,0,10,'','Cấu hình cân bằng giữa hiệu năng và giá, Ryzen 5 5600 kết hợp RTX 4060, RAM 16GB, SSD NVMe 512GB, phù hợp chơi game hoặc edit video cơ bản. Tản nhiệt tốt, chạy êm.',24,_binary '',_binary '','2025-10-29 14:44:35','2025-10-29 14:44:35',1,25),(167,'PC Máy ảo Dual Xeon 32 Core',44990000,0,3,'47e26eea-408f-4a01-86ba-eba468f3b319_ảo 4.jpg','Cấu hình server mini với 2 CPU Xeon Gold 5218, tổng 32 nhân, RAM 128GB ECC, SSD 2TB Gen4. Dành cho doanh nghiệp nhỏ triển khai hệ thống ảo hoá hoặc lab học tập.',36,_binary '',_binary '\0','2025-10-29 14:44:35','2025-11-08 16:17:27',4,25),(168,'PC Văn phòng Basic i3 Gen13',7690000,0,30,'','Máy văn phòng cơ bản, CPU Intel i3-13100, RAM 8GB, SSD 256GB, phục vụ học tập, kế toán, và văn bản hành chính. Cấu hình ổn định, tiết kiệm điện năng.',12,_binary '',_binary '\0','2025-10-29 14:44:35','2025-10-29 14:44:35',3,25),(169,'PC Làm việc đồ hoạ Intel i9 + RTX 4070',35990000,0,6,'e881e634-89c2-4fc6-911f-bb28d5a6f367_2.jpg','PC chuyên dụng cho thiết kế đồ hoạ, video editing và 3D render. Trang bị CPU Intel i9-13900KF, GPU RTX 4070, RAM 64GB, SSD 2TB Gen4. Tản nhiệt nước 360mm và nguồn 850W.',24,_binary '',_binary '','2025-10-29 14:44:35','2025-11-04 08:13:31',2,25),(170,'PC Gaming RGB Beast',32990000,0,9,'','Dàn máy với thiết kế cực kỳ nổi bật, đèn RGB quanh case và linh kiện cao cấp: Ryzen 7 7800X3D, RTX 4070Ti, RAM 32GB DDR5, SSD 1TB. Chơi mượt mọi tựa game 2K/4K.',24,_binary '',_binary '','2025-10-29 14:44:35','2025-10-29 14:44:35',1,25),(171,'PC Văn phòng Elite Silent',12990000,0,11,'','Dành cho dân văn phòng yêu cầu cao về độ êm và hiệu suất. CPU Intel i5-13400, RAM 16GB, SSD 512GB, case cách âm. Hoạt động êm ái suốt ngày mà không nóng.',18,_binary '',_binary '\0','2025-10-29 14:44:35','2025-10-29 14:44:35',3,25),(173,'PC Làm việc kỹ sư CAD Xeon W-2245',28990000,0,6,'911973d8-b3fa-49b3-998e-59c90b0286a5_vp12.jpg','Trạm làm việc chuyên CAD, SolidWorks, AutoDesk. CPU Xeon W-2245, RAM 64GB, GPU Quadro T1000. Hiệu năng ổn định, bền bỉ trong môi trường thiết kế kỹ thuật.',24,_binary '',_binary '\0','2025-10-29 14:44:35','2025-11-04 08:13:55',2,25),(174,'PC Gaming Budget Ryzen 5 5500',12990000,0,15,'','Dàn PC gaming giá rẻ nhưng mạnh mẽ, Ryzen 5 5500 + GTX 1660 Super, RAM 16GB, SSD 512GB. Phù hợp sinh viên, chơi game eSports mượt mà.',18,_binary '',_binary '\0','2025-10-29 14:44:35','2025-10-29 14:44:35',1,25),(175,'PC Làm việc doanh nghiệp MiniTower',9990000,0,18,'','PC nhỏ gọn dành cho doanh nghiệp, hiệu năng ổn định với Intel i5, RAM 8GB, SSD 512GB. Thiết kế tản nhiệt yên tĩnh, dễ bảo trì.',18,_binary '',_binary '\0','2025-10-29 14:44:35','2025-10-29 14:44:35',3,25),(176,'PC Máy ảo i9 13900K RAM 128GB',38990000,0,4,'','Máy ảo cấu hình cao, CPU i9-13900K, RAM 128GB, SSD 2TB, cho phép chạy 10+ máy ảo cùng lúc. Rất phù hợp cho sinh viên học DevOps, AI, hoặc Data Engineering.',36,_binary '',_binary '','2025-10-29 14:44:35','2025-10-29 14:44:35',4,25),(177,'PC Văn phòng Tiết kiệm i5 Gen12',8890000,0,25,'','Máy tính văn phòng tiết kiệm chi phí, Intel i5-12400, RAM 8GB, SSD 256GB, hoạt động ổn định, cài sẵn Windows 11. Lý tưởng cho doanh nghiệp nhỏ.',12,_binary '',_binary '\0','2025-10-29 14:44:35','2025-10-29 14:44:35',3,25),(179,'PC Văn phòng All-in-One i5 Gen13',12490000,0,20,'144de62c-2dd2-4ffa-b831-9fbda5d48f2d_vp5.jpg','Máy tính tất cả trong một với thiết kế tinh gọn, CPU i5-13400, RAM 16GB, SSD 512GB. Màn hình IPS Full HD 24 inch tích hợp sẵn, phù hợp cho nhân viên văn phòng, học sinh hoặc hộ gia đình.',18,_binary '',_binary '\0','2025-10-29 14:47:48','2025-11-04 08:01:17',2,25),(180,'PC Máy ảo Intel Xeon Silver 4310',37990000,10,3,'','Server mini hỗ trợ ảo hóa VMware, Proxmox, hoặc Docker. Trang bị CPU Xeon Silver 4310 (12 nhân), RAM 128GB ECC, SSD 2TB NVMe. Hỗ trợ chạy nhiều máy ảo song song, phù hợp phòng lab hoặc DevOps.',36,_binary '',_binary '','2025-10-29 14:47:48','2025-10-29 14:47:48',3,25),(181,'PC Gaming Compact RTX 4060Ti',22490000,0,12,'535fee7f-1164-46cf-bcf0-6c473154cd9e_1-7.jpg','PC chơi game hiệu năng cao với kích thước nhỏ gọn. CPU Intel i5-13500, GPU RTX 4060Ti, RAM 16GB DDR5, SSD 1TB Gen4. Thiết kế case mini tower, tản nhiệt hiệu quả, tối ưu không gian.',24,_binary '',_binary '\0','2025-10-29 14:47:48','2025-11-04 08:33:55',1,25),(182,'CPU Intel Core i9-14900KF',16990000,0,15,'','CPU cao cấp nhất của Intel thế hệ 14, với 24 nhân và 32 luồng, turbo boost lên đến 6GHz. Dành cho người dùng chuyên nghiệp cần hiệu năng mạnh mẽ để chơi game, dựng video hoặc render.',36,_binary '',_binary '','2025-10-29 14:47:48','2025-10-29 14:47:48',4,4),(183,'CPU AMD Ryzen 7 7800X3D',11990000,0,18,'','CPU được đánh giá là tốt nhất cho gaming nhờ công nghệ 3D V-Cache của AMD. 8 nhân 16 luồng, xung nhịp cao, tương thích mainboard AM5. Rất lý tưởng cho gamer và streamer.',36,_binary '',_binary '','2025-10-29 14:47:48','2025-10-29 14:47:48',4,12),(184,'Mainboard ASUS TUF B650-PLUS WIFI',5990000,0,25,'','Bo mạch chủ bền bỉ dành cho CPU Ryzen, hỗ trợ RAM DDR5, PCIe 5.0, Wi-Fi 6, USB-C. Thiết kế tản nhiệt kim loại, phù hợp cho dàn PC gaming tầm trung và cao.',24,_binary '',_binary '\0','2025-10-29 14:47:48','2025-10-29 14:47:48',5,7),(185,'Mainboard MSI PRO Z790-A DDR5',7190000,5,14,'','Mainboard Z790 hỗ trợ CPU Intel thế hệ 13/14, RAM DDR5, 4 khe M.2 Gen4. Cổng LAN 2.5G, USB-C 20Gbps, BIOS thân thiện. Dành cho người dùng cao cấp.',24,_binary '',_binary '','2025-10-29 14:47:48','2025-10-29 14:47:48',5,6),(186,'RAM G.Skill Trident Z5 RGB DDR5 32GB 6000MHz',3590000,0,30,'','RAM DDR5 hiệu năng cao với thiết kế RGB đẹp mắt, tốc độ 6000MHz. Tương thích Intel và AMD, rất phù hợp cho gaming và xử lý đồ họa nặng.',24,_binary '',_binary '\0','2025-10-29 14:47:48','2025-10-29 14:47:48',6,18),(187,'RAM Corsair Vengeance DDR5 32GB 5600MHz',2990000,0,25,'','RAM DDR5 đến từ thương hiệu nổi tiếng Corsair, hỗ trợ XMP 3.0, tản nhiệt nhôm đen mạnh mẽ. Độ ổn định cao, thích hợp cho dân đồ họa và kỹ sư phần mềm.',24,_binary '',_binary '\0','2025-10-29 14:47:48','2025-10-29 14:47:48',6,19),(188,'GPU MSI RTX 4070 VENTUS 2X 12G OC',17990000,5,10,'','Card đồ họa hiệu năng cao từ MSI, chạy mát và êm. RTX 4070 với 12GB VRAM GDDR6X, hỗ trợ DLSS 3, Ray Tracing, phù hợp cho game và render 3D.',24,_binary '',_binary '','2025-10-29 14:47:48','2025-10-29 14:47:48',7,6),(189,'GPU ASUS Dual RTX 4060Ti 8G OC',13990000,0,12,'','GPU mạnh mẽ cho gaming và đồ họa. Sử dụng chip RTX 4060Ti, hiệu năng vượt trội ở độ phân giải 2K. Hệ thống tản nhiệt kép giảm tiếng ồn tối đa.',24,_binary '',_binary '\0','2025-10-29 14:47:48','2025-10-29 14:47:48',7,7),(190,'CPU Intel Core i7-14700KF',10490000,0,18,'','CPU Intel i7-14700KF thế hệ 14, gồm 20 nhân 28 luồng, turbo boost đến 5.6GHz. Phù hợp cho người dùng cao cấp, coder, designer hoặc streamer.',36,_binary '',_binary '','2025-10-29 14:47:48','2025-10-29 14:47:48',4,4),(191,'CPU AMD Ryzen 5 7600X',7190000,0,20,'','Bộ xử lý tầm trung xuất sắc, 6 nhân 12 luồng, xung nhịp cao, tiêu thụ điện thấp. Phù hợp cho gaming và công việc đồ họa nhẹ.',36,_binary '',_binary '\0','2025-10-29 14:47:48','2025-10-29 14:47:48',4,12),(192,'Mainboard Gigabyte B760M DS3H AX DDR4',3490000,0,25,'','Mainboard hỗ trợ CPU Intel thế hệ 12/13, có Wi-Fi AX và Bluetooth 5.2. Thiết kế micro-ATX nhỏ gọn, phù hợp cho các dàn PC văn phòng hoặc gaming tầm trung.',24,_binary '',_binary '\0','2025-10-29 14:47:48','2025-10-29 14:47:48',5,8),(193,'Mainboard ASUS PRIME Z790-P WIFI',6590000,0,15,'','Bo mạch chủ cao cấp, hỗ trợ RAM DDR5, PCIe 5.0, Wi-Fi 6E, USB 20Gbps. Thiết kế trắng tinh tế, được ưa chuộng trong các build PC hiện đại.',24,_binary '',_binary '','2025-10-29 14:47:48','2025-10-29 14:47:48',5,7),(194,'RAM Kingston Fury Beast DDR5 32GB 6000MHz',3090000,0,22,'','RAM DDR5 đến từ Kingston, hiệu năng ổn định, tương thích nhiều bo mạch. Tốc độ 6000MHz, giúp hệ thống phản hồi nhanh hơn trong xử lý đồ họa và game.',24,_binary '',_binary '\0','2025-10-29 14:47:48','2025-10-29 14:47:48',6,17),(195,'GPU Gigabyte RTX 4060 EAGLE 8G',11990000,0,20,'','Card đồ họa RTX 4060 hiệu năng ổn định, hỗ trợ DLSS 3.0, tiêu thụ điện thấp, hoạt động êm ái. Phù hợp chơi các tựa game eSports và AAA phổ biến.',24,_binary '',_binary '\0','2025-10-29 14:47:48','2025-10-29 14:47:48',7,8),(196,'RAM Corsair Vengeance DDR4 16GB 3200MHz',1390000,0,35,'','RAM DDR4 phổ biến, giá tốt, hiệu năng ổn định. Tốc độ 3200MHz, tản nhiệt nhôm cao cấp, tương thích mọi bo mạch chủ phổ thông.',24,_binary '',_binary '\0','2025-10-29 14:47:48','2025-10-29 14:47:48',6,19),(197,'GPU ASUS TUF RTX 4080 16GB GDDR6X',33990000,5,5,'','Card đồ họa flagship từ ASUS, dùng GPU RTX 4080, hiệu suất vượt trội trong chơi game 4K và render nặng. Trang bị tản nhiệt 3 quạt, vỏ kim loại cực bền.',36,_binary '',_binary '','2025-10-29 14:47:48','2025-10-29 14:47:48',7,7),(198,'PC Gaming Ryzen 5 7600 + RTX 4070',28990000,0,9,'cac7f819-d689-4083-bd39-4689cb5486ec_1-8.jpeg','Cấu hình cực kỳ cân bằng giữa giá và hiệu năng: Ryzen 5 7600, RTX 4070, RAM DDR5 32GB, SSD 1TB Gen4. Chạy mượt mọi game 2K, thích hợp cho cả stream và render.',24,_binary '',_binary '','2025-10-29 14:47:48','2025-11-04 08:34:16',1,25),(199,'PC Làm việc học tập Intel i3 + 16GB RAM',9490000,0,20,'6f670fb4-eaa0-4693-8f49-cfebd2816fae_vp9.jpg','Máy tính văn phòng học tập nhỏ gọn, CPU i3-13100, RAM 16GB, SSD 512GB, hoạt động mượt với các ứng dụng văn phòng, Zoom, Google Meet và trình duyệt.',18,_binary '',_binary '\0','2025-10-29 14:47:48','2025-11-04 08:11:43',2,25),(200,'PC Gaming Streamer Edition i5 + RTX 3060',19990000,0,7,'e8184f52-63bd-4913-b737-bd08d9a1c022_1-8.jpeg','Máy chuyên stream và gaming, trang bị i5-12400F, GPU RTX 3060 12GB, RAM 16GB, SSD 1TB. Case RGB sang trọng, hiệu năng cao trong tầm giá.',24,_binary '',_binary '','2025-10-29 14:47:48','2025-11-04 08:34:45',1,25),(201,'PC Máy ảo DevOps Server Ryzen 9',29990000,0,5,'','Cấu hình server nhỏ gọn với Ryzen 9 5950X, RAM 64GB, SSD NVMe 2TB. Hỗ trợ Docker, Kubernetes và nhiều VM song song, lý tưởng cho lập trình viên backend và học viên DevOps.',36,_binary '',_binary '','2025-10-29 14:47:48','2025-10-29 14:47:48',3,25),(202,'CPU Intel Core i5-14400',5990000,0,25,'','CPU Intel Core i5 thế hệ 14 với 10 nhân, 16 luồng, xung nhịp tối đa 4.7GHz. Dành cho người dùng phổ thông cần hiệu năng cao cho văn phòng và game.',24,_binary '',_binary '\0','2025-10-29 14:47:48','2025-10-29 14:47:48',4,4),(203,'CPU AMD Ryzen 9 7950X3D',17990000,0,12,'','CPU mạnh nhất của AMD với 16 nhân 32 luồng và công nghệ 3D V-Cache. Tối ưu hiệu năng gaming và xử lý đồ họa chuyên nghiệp, hiệu quả vượt trội.',36,_binary '',_binary '','2025-10-29 14:47:48','2025-10-29 14:47:48',4,12),(204,'PC Gaming SilentCore i9-13900K + RTX 4080',48990000,0,8,'5704864d-7046-4cfb-ac8c-fc2619f05f2f_1-1.jpg','Dàn PC hiệu năng cao tối ưu cho làm việc và chơi game: i9-13900K, RTX 4080, RAM 32GB DDR5, SSD NVMe 2TB. Thiết kế tản nhiệt tốt, hoạt động êm, phù hợp stream và dựng video.',36,_binary '',_binary '','2025-10-29 14:53:45','2025-11-04 08:26:19',1,25),(205,'PC Văn phòng Compact Ryzen 5 7600G',10490000,0,20,'f56ba214-30b3-43b8-8022-fdbf7e539338_1.png','Máy văn phòng nhỏ gọn trang bị Ryzen 5 7600G với GPU tích hợp, RAM 16GB và SSD 512GB. Khởi động nhanh, chạy đa tab trình duyệt và các ứng dụng văn phòng mượt.',24,_binary '',_binary '','2025-10-29 14:53:45','2025-12-02 04:30:07',2,25),(207,'Intel Core i7-13700F (16 nhân, 24 luồng)',9490000,5,50,'e187fa04-f0cc-49b4-81cd-4bf870dbd1d9_i7.png','CPU i7-13700F thế hệ 13, hiệu năng mạnh cho game và làm việc đa nhiệm. Hỗ trợ DDR5/DDR4 tùy main, tối ưu cho build hiệu năng cao với tản khí tốt.',36,_binary '',_binary '','2025-10-29 14:53:45','2025-12-02 16:29:13',4,12),(208,'AMD Ryzen 5 5600X (6 nhân 12 luồng)',3790000,0,80,'','Ryzen 5 5600X mang lại hiệu năng/giá rất tốt cho game và ứng dụng phổ thông, tiêu thụ điện thấp và tương thích nhiều main AM4.',36,_binary '',_binary '\0','2025-10-29 14:53:45','2025-12-02 04:30:12',4,4),(209,'ASUS ROG STRIX B760-F GAMING WIFI',6590000,5,22,'','Mainboard ROG STRIX hỗ trợ Intel Gen13/14, DDR5, WiFi 6E, nhiều khe M.2 và tản VRM cao cấp cho ép xung ổn định.',36,_binary '',_binary '','2025-10-29 14:53:45','2025-10-29 14:53:45',5,6),(210,'MSI MAG B650 TOMAHAWK',4990000,0,40,'','Mainboard AM5 tầm trung tốt cho gaming: hỗ trợ DDR5, PCIe 5.0 cho SSD, chất lượng linh kiện cao và BIOS dễ tùy chỉnh.',36,_binary '',_binary '\0','2025-10-29 14:53:45','2025-10-29 14:53:45',5,3),(211,'G.Skill Trident Z5 16GB (2x8GB) 7200MHz',1890000,0,60,'','RAM DDR5 tốc độ cao 7200MHz, hiệu năng top cho game thủ và creator. Thiết kế tản nhiệt nhôm, tương thích nhiều main hiện đại.',36,_binary '',_binary '','2025-10-29 14:53:45','2025-10-29 14:53:45',6,18),(212,'Corsair Vengeance DDR4 32GB (2x16GB) 3200MHz',1790000,5,45,'','Bộ nhớ DDR4 dung lượng 32GB, phù hợp cho multitasking, dựng video và chạy VM nhẹ. Thương hiệu Corsair uy tín, bảo hành tốt.',36,_binary '',_binary '\0','2025-10-29 14:53:45','2025-10-29 14:53:45',6,13),(213,'MSI RTX 4070 Ti Gaming Trio 16GB',21990000,5,18,'','GPU cao cấp MSI với tản nhiệt mạnh mẽ, hiệu năng ổn định cho game 2K/4K và tác vụ dựng phim. Hỗ trợ DLSS, Ray Tracing và các API hiện đại.',36,_binary '',_binary '','2025-10-29 14:53:45','2025-10-29 14:53:45',7,3),(214,'PC Gaming ProStream i9-14900K + RTX 4090',89990000,0,3,'89163ab2-7399-413b-af5f-62e9bca216d3_1-2.jpg','Dàn máy tối thượng cho stream/professional: i9-14900K, RTX 4090, RAM 64GB DDR5, SSD 2TB NVMe, hệ thống tản nước 360mm, nguồn 1000W 80+ Platinum.',36,_binary '',_binary '','2025-10-29 14:53:45','2025-11-04 08:27:11',1,25),(215,'PC Văn phòng Allround Ryzen 5 5500',9290000,0,28,'461b09a7-d7a7-423f-8776-21651ebb6869_2.jpg','PC văn phòng hiệu quả với Ryzen 5 5500, RAM 16GB, SSD 512GB. Hoạt động mát, phù hợp phục vụ bộ phận kế toán, hành chính và học tập.',24,_binary '',_binary '\0','2025-10-29 14:53:45','2025-11-04 07:54:39',2,25),(216,'PC Máy ảo RackMount Dual Xeon 24C',55990000,8,1,'6e2d9a58-19e4-41e3-a255-4ad895695123_ảo 2.jpg','Server rackmount cho ảo hóa với 2x Xeon 12 core, RAM ECC 192GB, ổ NVMe RAID, phù hợp cho doanh nghiệp nhỏ triển khai môi trường ảo hoá.',36,_binary '',_binary '\0','2025-10-29 14:53:45','2025-11-11 03:19:40',3,25),(217,'Intel Core i5-13600K (14 nhân, 20 luồng)',7490000,5,60,'','CPU phổ biến cho game và công việc, kết hợp nhân hiệu năng và nhân tiết kiệm, xung cao khi cần, hỗ trợ ép xung ổn định.',36,_binary '',_binary '','2025-10-29 14:53:45','2025-10-29 14:53:45',4,12),(218,'AMD Ryzen 3 5300G (4 nhân 8 luồng)',1990000,0,90,'','APU giá rẻ phù hợp văn phòng và học tập, tích hợp đồ họa tốt cho các nhu cầu nhẹ, tiết kiệm chi phí nâng cấp GPU.',24,_binary '',_binary '\0','2025-10-29 14:53:45','2025-10-29 14:53:45',4,4),(219,'ASRock Z790 EXTREME WiFi',7390000,5,10,'','Mainboard Z790 hiệu năng cao, trang bị WiFi 6E, nhiều khe M.2, PCB dày, tản nhiệt VRM lớn cho người dùng ép xung.',36,_binary '',_binary '','2025-10-29 14:53:45','2025-10-29 14:53:45',5,8),(220,'Gigabyte B650 AORUS ELITE AX',4590000,0,35,'','Mainboard AM5 hỗ trợ DDR5, WiFi tích hợp, cổng I/O đa dạng. Lựa chọn đáng giá cho các cấu hình Ryzen 7000 tầm trung.',36,_binary '',_binary '\0','2025-10-29 14:53:45','2025-10-29 14:53:45',5,7),(221,'Kingston Fury Renegade DDR5 32GB 6400MHz',3390000,0,20,'','RAM hiệu năng cao cho gaming và content creation, tản nhiệt tốt và độ ổn định khi ép xung.',36,_binary '',_binary '','2025-10-29 14:53:45','2025-10-29 14:53:45',6,17),(222,'Corsair Dominator Platinum RGB 64GB (2x32GB) 5200MHz',8990000,5,8,'','RAM cho workstation cao cấp, dung lượng lớn, RGB, hiệu suất ổn định cho render và xử lý dữ liệu nặng.',36,_binary '',_binary '','2025-10-29 14:53:45','2025-10-29 14:53:45',6,13),(223,'ASUS TUF Gaming RTX 4060 8GB',10990000,0,50,'','Card đồ họa tầm trung từ ASUS, tối ưu cho game 1080p/2K, hoạt động ổn định và mát, phù hợp build phổ thông.',24,_binary '',_binary '\0','2025-10-29 14:53:45','2025-10-29 14:53:45',7,6),(224,'PC Gaming Entry-Level Ryzen 5 4500 + GTX 1650',12990000,0,10,'49adf5fb-2e35-400e-87a4-ec524dbc69cc_1-3.jpeg','Bộ PC entry-level dành cho sinh viên: Ryzen 5 4500, GTX 1650, RAM 16GB, SSD 512GB. Chơi được game eSports mượt và học tập hiệu quả.',18,_binary '',_binary '\0','2025-10-29 14:53:45','2025-12-02 16:46:20',1,25),(225,'PC Văn phòng SSD FastBoot i3',7490000,0,35,'3dca5558-e884-4b6a-af1b-051eaeef0ff8_3.jpg','Máy văn phòng trang bị SSD NVMe giúp khởi động và làm việc nhanh, CPU i3 thế hệ mới, RAM 8-16GB, tiết kiệm điện.',12,_binary '',_binary '\0','2025-10-29 14:53:45','2025-11-04 07:55:06',2,25),(226,'PC Máy ảo HomeLab Ryzen 7 5800X',21990000,5,6,'','Máy ảo cho lab cá nhân: Ryzen 7 5800X 8 nhân, RAM 64GB, SSD NVMe 1TB, thích hợp cho học Docker, Kubernetes và lab ảo hóa nhỏ.',36,_binary '',_binary '','2025-10-29 14:53:45','2025-10-29 14:53:45',3,25),(227,'Intel Core i3-12100F (4 nhân 8 luồng)',1990000,0,120,'','CPU giá rẻ hiệu năng ổn định cho các bộ PC văn phòng và học tập. Tương thích nhiều main LGA1700, dễ dàng nâng cấp.',24,_binary '',_binary '\0','2025-10-29 14:53:45','2025-10-29 14:53:45',4,12),(228,'AMD Ryzen 7 7700X (8 nhân 16 luồng)',7390000,0,30,'','CPU Ryzen 7000 series cân bằng tốt giữa đa nhân và IPC, rất phù hợp cho cả gaming và tác vụ sáng tạo nội dung.',36,_binary '',_binary '','2025-10-29 14:53:45','2025-10-29 14:53:45',4,4),(229,'MSI PRO Z690-A DDR4',4590000,0,50,'','Mainboard Z690 hỗ trợ CPU Intel Gen12 với DDR4, phù hợp cho người muốn tận dụng RAM cũ nhưng cần nền tảng mạnh mẽ.',24,_binary '',_binary '\0','2025-10-29 14:53:45','2025-10-29 14:53:45',5,3),(230,'ASUS PRIME B660M-A D4',2590000,0,60,'','Mainboard tầm trung cho Intel Gen12, thiết kế bền bỉ, nhiều cổng mở rộng, phù hợp build văn phòng và gaming nhẹ.',24,_binary '',_binary '\0','2025-10-29 14:53:45','2025-10-29 14:53:45',5,6),(231,'G.Skill Aegis DDR5 16GB 5200MHz',1090000,0,70,'','RAM DDR5 giá hợp lý cho các build cơ bản, hiệu năng tốt cho game và ứng dụng chung.',24,_binary '',_binary '\0','2025-10-29 14:53:45','2025-10-29 14:53:45',6,18),(232,'Corsair Vengeance LPX DDR4 16GB 3200MHz',690000,0,120,'','RAM DDR4 phổ thông, giá tốt, tương thích rộng rãi, lựa chọn ổn cho build văn phòng và học tập.',24,_binary '',_binary '\0','2025-10-29 14:53:45','2025-10-29 14:53:45',6,13),(233,'GIGABYTE AORUS RTX 4070 MASTER 12GB',19990000,5,14,'','GPU AORUS series mạnh mẽ, thiết kế tản nhiệt cao cấp, tối ưu cho game 2K và làm đồ họa chuyên nghiệp.',36,_binary '',_binary '','2025-10-29 14:53:45','2025-10-29 14:53:45',7,7),(234,'PC Gaming Workstation RTX 4070 + 64GB RAM',42990000,0,6,'c8e42050-b32c-4726-bc85-335f370f9672_1-4.jpg','PC kết hợp cho game và công việc nặng: RTX 4070, CPU Ryzen 9 7900X, RAM 64GB, SSD 2TB — phù hợp streamer và editor video bán chuyên.',36,_binary '',_binary '','2025-10-29 14:53:45','2025-11-04 08:28:03',1,25),(235,'PC Văn phòng ThinClient i5-12400',8990000,0,25,'901d78e4-46a0-4261-8d57-5da474c8ac96_vp1.webp','Máy văn phòng hiệu suất ổn định, i5-12400, RAM 8GB, SSD 512GB, thiết kế mỏng tiết kiệm diện tích, dễ bảo trì.',12,_binary '',_binary '\0','2025-10-29 14:53:45','2025-11-04 07:55:44',2,25),(236,'PC Máy ảo Entry Xeon E-2224G 32GB',13990000,0,10,'','Máy ảo cơ bản cho test và demo: Xeon E-2224G, RAM 32GB ECC, SSD 1TB. Phù hợp cho dev nhỏ cần môi trường ảo.',24,_binary '',_binary '\0','2025-10-29 14:53:45','2025-10-29 14:53:45',3,25),(237,'Intel Core i9-13900KS (24 nhân)',15990000,5,10,'','Phiên bản KS của i9-13900K tối ưu cho xung cao liên tục, phù hợp enthusiast và người dựng content nặng.',36,_binary '',_binary '','2025-10-29 14:53:45','2025-10-29 14:53:45',4,12),(238,'AMD Ryzen 5 7600 (6 nhân 12 luồng)',4290000,0,40,'','Ryzen 5 7600 cân bằng cho gaming và đồ họa nhẹ, hiệu năng ổn định trên nền AM5 với khả năng nâng cấp tốt.',36,_binary '',_binary '\0','2025-10-29 14:53:45','2025-10-29 14:53:45',4,4),(239,'ASUS ROG MAXIMUS Z790 HERO',12490000,5,6,'','Mainboard cao cấp dành cho ép xung và gaming pro, nhiều tính năng cao cấp như PCIe 5.0, Ethernet 10Gb và hệ thống tản nhiệt mạnh.',36,_binary '',_binary '','2025-10-29 14:53:45','2025-10-29 14:53:45',5,6),(240,'MSI MAG B660M Mortar',2990000,0,45,'','Mainboard micro-ATX với VRM tốt cho build tầm trung, hỗ trợ M.2 và nhiều cổng USB, phù hợp cho người dùng không cần full-size.',24,_binary '',_binary '\0','2025-10-29 14:53:45','2025-10-29 14:53:45',5,3),(241,'Kingston KF552 8GB DDR5 5200MHz',450000,0,200,'','Module RAM 8GB DDR5 giá rẻ cho nâng cấp từng thanh, phù hợp cho đa số main DDR5 phổ thông.',24,_binary '',_binary '\0','2025-10-29 14:53:45','2025-10-29 14:53:45',6,17),(242,'Corsair Vengeance RGB PRO DDR5 32GB 5600MHz',3190000,5,28,'','RAM DDR5 có RGB cho dàn máy đẹp mắt và hiệu năng cao, tối ưu cho gaming và livestream.',36,_binary '',_binary '','2025-10-29 14:53:45','2025-10-29 14:53:45',6,13),(243,'NVIDIA RTX 4060 SUPER Founders 8GB',12990000,0,22,'c116a13e-9536-4867-b7d2-3ec096a35bb7_4060.jpg','GPU tầm trung cao cho 1080p/1440p, hiệu năng tốt, tiêu thụ điện hợp lý và hỗ trợ các công nghệ DLSS.',24,_binary '',_binary '\0','2025-10-29 14:53:45','2025-11-10 15:42:15',7,5),(244,'PC Gaming Compact Ryzen 7 7700 + RTX 4060',27990000,0,12,'3b36a589-1ae7-4f56-a0bf-a87e2775e6c4_1-5.jpg','PC nhỏ gọn hiệu năng cao: Ryzen 7 7700, RTX 4060, RAM 32GB DDR5, SSD 1TB — phù hợp người cần hiệu năng nhưng hạn chế diện tích.',24,_binary '',_binary '','2025-10-29 14:53:45','2025-11-04 08:29:29',1,25),(245,'PC Văn phòng Secure i5-13400 + TPM',11990000,0,20,'a303d616-23e1-48a8-a0c0-bc2f5c05840c_vp2.jpg','Máy văn phòng tích hợp TPM cho bảo mật doanh nghiệp, i5-13400, RAM 16GB, SSD 512GB, phù hợp môi trường làm việc yêu cầu cao về bảo mật.',24,_binary '',_binary '\0','2025-10-29 14:53:45','2025-11-04 07:56:12',2,25),(247,'Intel Pentium Gold G7400 (2 nhân)',950000,0,150,'','CPU siêu rẻ cho máy văn phòng cơ bản, dùng cho hộ gia đình, quầy bán hàng hoặc học tập trực tuyến.',12,_binary '',_binary '\0','2025-10-29 14:53:45','2025-10-29 14:53:45',4,12),(248,'AMD Athlon 3000G (2 nhân, tích hợp GPU)',750000,0,80,'','APU giá rẻ cho nhu cầu rất cơ bản: lướt web, văn phòng nhẹ, xem video HD. Tiết kiệm chi phí cho build cơ bản.',12,_binary '',_binary '\0','2025-10-29 14:53:45','2025-10-29 14:53:45',4,4),(249,'ASUS B660 TUF GAMING WIFI',3290000,0,50,'','Mainboard TUF cho Intel Gen12–13, trang bị WiFi, tản nhiệt VRM, phù hợp build bền bỉ và ổn định.',24,_binary '',_binary '\0','2025-10-29 14:53:45','2025-10-29 14:53:45',5,6),(250,'Gigabyte Z690 AORUS PRO AX',6590000,0,18,'','Mainboard Z690 cao cấp, nhiều khe M.2, LAN 2.5G và WiFi tích hợp, phù hợp cho dàn máy chơi game và workstation.',36,_binary '',_binary '','2025-10-29 14:53:45','2025-10-29 14:53:45',5,7),(251,'G.Skill Ripjaws V DDR4 16GB 3600MHz',750000,0,80,'','RAM DDR4 hiệu năng ổn định, phù hợp cho game và ứng dụng hàng ngày, dễ lắp đặt và tương thích rộng.',24,_binary '',_binary '\0','2025-10-29 14:53:45','2025-10-29 14:53:45',6,18),(252,'Corsair Vengeance LPX 32GB (2x16GB) DDR4 3200MHz',1790000,0,35,'','Bộ RAM DDR4 dung lượng lớn cho multitasking, render nhẹ và chạy VM nhỏ. Độ ổn định tốt từ Corsair.',36,_binary '',_binary '\0','2025-10-29 14:53:45','2025-10-29 14:53:45',6,13),(253,'MSI RTX 4060 GAMING X 8G',11490000,0,25,'','GPU MSI tầm trung, thiết kế tốt, hiệu năng ổn định cho game 1080p cao và 1440p trung bình.',24,_binary '',_binary '\0','2025-10-29 14:53:45','2025-10-29 14:53:45',7,3),(254,'PC Gaming StreamMax Ryzen 9 + RTX 4070',39990000,0,7,'3016150f-0c43-4119-9489-af6b01343644_1-6.jpg','Dàn máy cho streamer chuyên nghiệp: Ryzen 9 7900X, RTX 4070, RAM 32GB, SSD 1TB. Hệ thông tản nhiệt quality và case tối ưu luồng gió.',36,_binary '',_binary '','2025-10-29 14:53:45','2025-11-04 08:29:52',1,25),(255,'PC Văn phòng Allset i7-12700 + 32GB RAM',16990000,0,10,'29ad0c5b-55e9-428d-96c6-87b8445a0472_vp3.jpg','Máy văn phòng hiệu năng cao cho designer nhẹ và multitask: i7-12700, RAM 32GB, SSD 1TB, hoạt động ổn định cho nhiều ứng dụng cùng lúc.',24,_binary '',_binary '\0','2025-10-29 14:53:45','2025-11-04 07:56:40',2,25),(257,'Intel Core i7-12700 (12 nhân, 20 luồng)',8490000,36,2,'7794c694-0c3a-4c8c-ad01-68d46b95a42e_1.webp','CPU cân bằng dành cho người dùng muốn hiệu năng đa nhiệm tốt, hỗ trợ nhiều ứng dụng nặng và chạy VM nhẹ.',36,_binary '',_binary '\0','2025-10-29 14:53:45','2025-12-02 04:30:27',4,12),(258,'AMD Ryzen Threadripper 2950X (16 nhân)',14990000,30,2,'2b0ba41b-f6af-4efa-b34f-fec8c5bf4636_1.jpg','CPU HEDT dành cho workstation render và xử lý dữ liệu lớn, nhiều luồng xử lý cho tác vụ chuyên sâu.',36,_binary '',_binary '\0','2025-10-29 14:53:45','2025-11-05 08:30:10',4,4),(259,'ASUS PRIME X670-P WIFI',4990000,20,28,'37c31f08-6d11-4642-8623-f7f2d5bc37bc_1.webp','Mainboard X670 cho AMD AM5, hỗ trợ DDR5, PCIe 5.0 và nhiều cổng lưu trữ, phù hợp build Ryzen 7000.',36,_binary '',_binary '\0','2025-10-29 14:53:45','2025-11-05 08:30:11',5,6),(260,'MSI MPG Z790 CARBON WIFI',8990000,20,9,'a5b69902-7594-4118-87aa-803865060a1f_6.png','Mainboard Z790 cao cấp, phong cách carbon, có WiFi 6E, nhiều khe M.2 và tản nhiệt premium, phù hợp chơi game và làm việc nặng.',36,_binary '',_binary '\0','2025-10-29 14:53:45','2025-11-05 08:30:23',5,3),(261,'Kingston Canvas React Plus 1TB NVMe (SSD) - placeholder for RAM category reason',1290000,25,60,'60872c87-fa0e-4d89-b274-d85178fab23c_8.jpg','Mô tả: SSD NVMe 1TB tốc độ cao, phù hợp lưu trữ game và project. (Ghi chú: sản phẩm này để bổ sung kho ổ cứng/ram thay thế nếu cần.)',36,_binary '',_binary '\0','2025-10-29 14:53:45','2025-11-05 08:30:21',8,17),(262,'Corsair Vengeance DDR5 16GB 5200MHz',1490000,0,75,'f3cf4ac5-8dd5-4e07-adde-c6a154f0741d_corsair.jpg','Thanh RAM DDR5 dung lượng 16GB, tốc độ 5200MHz, tối ưu cho build mới, tương thích mượt với các bo mạch DDR5.',24,_binary '',_binary '\0','2025-10-29 14:53:45','2025-11-08 16:13:19',6,13),(263,'GIGABYTE RTX 4070 Ti Gaming OC 12GB',21990000,5,11,'8778d55e-2ab6-489c-9107-32a04e2f4b71_gigabyte4070.jpg','GPU Gigabyte hiệu năng cao, thiết kế tản nhiệt mạnh mẽ, phù hợp cho game 2K/4K và xử lý đồ họa nặng, có tinh chỉnh xung sẵn cho hiệu năng cao hơn.',36,_binary '',_binary '\0','2025-10-29 14:53:45','2025-11-08 16:14:09',7,7);
/*!40000 ALTER TABLE `products` ENABLE KEYS */;
UNLOCK TABLES;

--
-- Table structure for table `roles`
--

DROP TABLE IF EXISTS `roles`;
/*!40101 SET @saved_cs_client     = @@character_set_client */;
/*!50503 SET character_set_client = utf8mb4 */;
CREATE TABLE `roles` (
  `id` int NOT NULL AUTO_INCREMENT,
  `name` varchar(50) COLLATE utf8mb4_general_ci NOT NULL,
  PRIMARY KEY (`id`),
  UNIQUE KEY `name` (`name`)
) ENGINE=InnoDB AUTO_INCREMENT=4 DEFAULT CHARSET=utf8mb4 COLLATE=utf8mb4_general_ci;
/*!40101 SET character_set_client = @saved_cs_client */;

--
-- Dumping data for table `roles`
--

LOCK TABLES `roles` WRITE;
/*!40000 ALTER TABLE `roles` DISABLE KEYS */;
INSERT INTO `roles` VALUES (1,'ADMIN'),(2,'USER');
/*!40000 ALTER TABLE `roles` ENABLE KEYS */;
UNLOCK TABLES;

--
-- Table structure for table `tokens`
--

DROP TABLE IF EXISTS `tokens`;
/*!40101 SET @saved_cs_client     = @@character_set_client */;
/*!50503 SET character_set_client = utf8mb4 */;
CREATE TABLE `tokens` (
  `id` bigint NOT NULL AUTO_INCREMENT,
  `token` varchar(255) COLLATE utf8mb4_general_ci NOT NULL,
  `token_type` varchar(50) COLLATE utf8mb4_general_ci NOT NULL,
  `expiration_date` datetime DEFAULT NULL,
  `revoked` tinyint(1) NOT NULL DEFAULT '0',
  `expired` tinyint(1) NOT NULL DEFAULT '0',
  `user_id` int DEFAULT NULL,
  PRIMARY KEY (`id`),
  UNIQUE KEY `token` (`token`),
  KEY `fk_tokens_user` (`user_id`),
  CONSTRAINT `fk_tokens_user` FOREIGN KEY (`user_id`) REFERENCES `users` (`id`) ON DELETE CASCADE
) ENGINE=InnoDB DEFAULT CHARSET=utf8mb4 COLLATE=utf8mb4_general_ci;
/*!40101 SET character_set_client = @saved_cs_client */;

--
-- Dumping data for table `tokens`
--

LOCK TABLES `tokens` WRITE;
/*!40000 ALTER TABLE `tokens` DISABLE KEYS */;
/*!40000 ALTER TABLE `tokens` ENABLE KEYS */;
UNLOCK TABLES;

--
-- Table structure for table `users`
--

DROP TABLE IF EXISTS `users`;
/*!40101 SET @saved_cs_client     = @@character_set_client */;
/*!50503 SET character_set_client = utf8mb4 */;
CREATE TABLE `users` (
  `id` int NOT NULL AUTO_INCREMENT,
  `fullname` varchar(100) COLLATE utf8mb4_general_ci DEFAULT '',
  `phone_number` varchar(15) COLLATE utf8mb4_general_ci NOT NULL,
  `address` varchar(200) COLLATE utf8mb4_general_ci DEFAULT '',
  `password` varchar(100) COLLATE utf8mb4_general_ci NOT NULL,
  `email` varchar(150) COLLATE utf8mb4_general_ci NOT NULL,
  `created_at` datetime DEFAULT CURRENT_TIMESTAMP,
  `updated_at` datetime DEFAULT CURRENT_TIMESTAMP ON UPDATE CURRENT_TIMESTAMP,
  `is_active` tinyint(1) DEFAULT '1',
  `date_of_birth` date DEFAULT NULL,
  `role_id` int DEFAULT '2',
  PRIMARY KEY (`id`),
  UNIQUE KEY `email` (`email`),
  KEY `fk_users_role` (`role_id`),
  CONSTRAINT `fk_users_role` FOREIGN KEY (`role_id`) REFERENCES `roles` (`id`) ON DELETE SET NULL
) ENGINE=InnoDB AUTO_INCREMENT=15 DEFAULT CHARSET=utf8mb4 COLLATE=utf8mb4_general_ci;
/*!40101 SET character_set_client = @saved_cs_client */;

--
-- Dumping data for table `users`
--

LOCK TABLES `users` WRITE;
/*!40000 ALTER TABLE `users` DISABLE KEYS */;
INSERT INTO `users` VALUES (1,'Test User','0123456789','123 Test Street','123456','testuser@example.com','2025-09-22 21:10:29','2025-09-22 21:10:29',1,'2000-01-01',2),(3,'ADMIN 1','0000000001','PCShop','$2a$10$wfACYyvdtl6Fln0QyzaqHuWDkkjG.QyYZl0ARJesOvWu02CkC6buu','admin1@pcshop.vn','2025-10-02 16:09:40','2025-11-08 16:05:21',1,'2000-01-01',1),(4,'Admin 223','0000000002','Quận Admins','$2a$10$DoJDhAQOV5KHMdb3Ow.ymOByiIoKqdUP6OmWYGGwR7Xm6A71MCbIu','Admin2Email@PCShop.com','2025-10-02 16:11:57','2025-11-11 03:33:36',1,'2005-01-01',1),(6,'user1','1000000001','Quận Users','$2a$10$iOjT0PszP7Ts1qT2EXgPw.uR9u8EGU0UneuU0/hOZbpFJXsXPddr6','email1.abc@xyz.aaaz','2025-10-02 16:34:52','2025-10-02 16:34:52',1,'2005-01-01',2),(7,'TEST USER','0987654321','user address 12345','$2a$10$s61JR7YZ5E4dkipIINCVRePKzS.NmW6dpggLU/r0/RQnZr5McbLVa','adfadfa@mmmmm.mmmmmm','2025-10-15 07:42:26','2025-11-01 08:27:22',1,'2014-06-03',2),(9,'test user 3','3333333333','user3\'s house','$2a$10$XI7/cXp1.ziTIzK6APwCBuO2fsolOOEkgbQXkmt3H9PGXCthSuZ4i','user3@vovietduc.khmt','2025-10-31 17:05:25','2025-10-31 17:05:25',1,'2005-11-18',2),(10,'Võ Viết Đức','0913095665','Tổ 6, phường Gia Sàng','$2a$10$xVvBWkfN5U5TYohtf3g7QOEd..gWt9PrCmmLuNls0NGlsJrnoggXG','vvd1811@gmail.com','2025-11-02 08:07:15','2025-11-02 08:07:54',1,'2005-11-18',2),(11,'user 4','4444444444','user 4 address','$2a$10$T7Wm4AkbX1bKNCQsg3m2xuntG84TLcrHmDznbD8xKBb5G1AR6dsyK','user4email@vvd.com','2025-11-07 07:48:03','2025-11-07 07:48:03',1,'2025-11-06',2),(12,'Nguyễn Huy Hoàng','0987654322','Hà Nội','$2a$10$/xcYRM1TmDdZekolL/xUReoOVzZK2yleUSxT1WwEXaPeaA0g621r2','huyhoang@gmail.com','2025-11-08 16:06:49','2025-11-08 16:06:49',1,'2005-01-01',2),(13,'Vũ Đình Hồng','0987654323','PTIT','$2a$10$yocwAqDWU0CXnkqK4t8yM.wxBCRHNUploL.UyFmH0Uqo3pMLt8KLS','hong@gmail.com','2025-11-08 18:46:51','2025-11-08 18:46:51',1,'2013-02-09',2),(14,'Nguyễn Huy Tú','0987654320','Hoàng Mai, Hà Nội','$2a$10$Y2l16xM/IYpuCVhuG.wNjuNbuMuvXQ1ophPfWppcnj5o91fne1B.S','huytu@gmail.com','2025-11-08 18:47:55','2025-11-08 18:47:55',1,'1995-02-09',2);
/*!40000 ALTER TABLE `users` ENABLE KEYS */;
UNLOCK TABLES;
/*!40103 SET TIME_ZONE=@OLD_TIME_ZONE */;

/*!40101 SET SQL_MODE=@OLD_SQL_MODE */;
/*!40014 SET FOREIGN_KEY_CHECKS=@OLD_FOREIGN_KEY_CHECKS */;
/*!40014 SET UNIQUE_CHECKS=@OLD_UNIQUE_CHECKS */;
/*!40101 SET CHARACTER_SET_CLIENT=@OLD_CHARACTER_SET_CLIENT */;
/*!40101 SET CHARACTER_SET_RESULTS=@OLD_CHARACTER_SET_RESULTS */;
/*!40101 SET COLLATION_CONNECTION=@OLD_COLLATION_CONNECTION */;
/*!40111 SET SQL_NOTES=@OLD_SQL_NOTES */;

-- Dump completed on 2025-12-03  0:22:55
